Date,WIG_BANKI_Open,WIG_BANKI_High,WIG_BANKI_Low,WIG_BANKI_Close,WIG_BANKI_Volume,WIG_PALIWA_Open,WIG_PALIWA_High,WIG_PALIWA_Low,WIG_PALIWA_Close,WIG_PALIWA_Volume
1/7/2007,7163.9,7297.61,7080.57,7080.57,7533272,3185.99,3273.33,3102.8,3102.8,19527225
1/14/2007,6962.67,7128.55,6894.11,7128.55,22493352,3071.27,3096.9,3027.27,3085.47,26924034
1/21/2007,7173.14,7740.64,7171.86,7740.64,27387350,3123.58,3168.01,3047.93,3091.59,34054877
1/28/2007,7801.85,7801.85,7460.25,7514.48,20999620,3179.31,3179.31,3072.63,3072.63,22139123
2/4/2007,7596.12,7960.57,7595.42,7960.57,21517252,3080.06,3168.41,3059.89,3147.76,43012932
2/11/2007,7990.61,8034.2,7706.18,7740.02,18827948,3129.07,3200.06,3088.02,3134.01,20373751
2/18/2007,7649.94,7715.54,7557.87,7557.87,16411727,3081.22,3148.54,3042.19,3086.2,14846042
2/25/2007,7661.13,7824.23,7622.51,7775.04,11476282,3115.29,3160.14,3027,3158.32,19989314
3/4/2007,7755.22,7755.22,7148.01,7227.67,21485166,3156.75,3156.75,2869.41,2915.59,35034972
3/11/2007,7007.62,7391.89,6981.49,7283.13,17273267,2821.01,3036.99,2821.01,2997.67,27649927
3/18/2007,7410.88,7410.88,7071.88,7344.42,13074142,3018.79,3018.79,2900.16,3005.91,35208646
3/25/2007,7427.82,7883.77,7427.82,7882.04,20132797,2999.13,3089.6,2982.86,3089.6,43125153
4/1/2007,7829.41,7947.35,7713.5,7899.72,15905254,3111.2,3225.63,3079.27,3199.38,35618994
4/8/2007,7823.08,7956.8,7792.91,7936.59,11143486,3159.3,3168.58,3116.34,3116.34,17119207
4/15/2007,7923.16,8005.96,7840.16,7840.16,14872131,3119.24,3305.82,3105.72,3291.37,27474473
4/22/2007,7898.05,7970.38,7786.9,7970.38,16958099,3361.56,3361.56,3213.17,3219.32,30402759
4/29/2007,7895.76,8125.22,7891.01,8125.22,14151998,3221.19,3226.85,3085.64,3098.02,17736684
5/6/2007,8091.28,8336.31,8091.16,8336.31,6148103,3104.19,3196.45,3103.14,3196.45,18662925
5/13/2007,8327.48,8369.48,7910.84,8090.42,12225915,3223.19,3290.85,3189.12,3290.85,21592033
5/20/2007,8152.35,8269.36,8076.5,8269.36,20796449,3345.39,3374.02,3257.06,3261.31,26431762
5/27/2007,8328.22,8668.17,8328.22,8369.7,26206462,3299.28,3387.88,3299.28,3364.83,17596992
6/3/2007,8404.47,9014.49,8404.47,9014.49,18878368,3386.7,3466.03,3307.77,3466.03,12626745
6/10/2007,8996.33,9072.42,8583.39,8583.39,13206848,3495.99,3594.9,3482.17,3594.9,18743145
6/17/2007,8735.24,8913.94,8600.75,8913.94,17764765,3556.43,3661.37,3479.86,3661.37,28684688
6/24/2007,8928.19,8928.19,8730.04,8886.16,9584079,3677.14,3688.23,3523,3668.66,13458801
7/1/2007,8780.69,8890.01,8685.35,8783.89,16653746,3732.1,3879.45,3727.3,3761.01,30311516
7/8/2007,8757.18,9075.36,8757.18,9075.36,13116522,3731.94,4020.67,3729.94,3957.84,23161531
7/15/2007,8958.17,8958.17,8697.88,8766.38,15139882,4045.35,4077.51,3917.71,4060.85,27555748
7/22/2007,8688.03,8939.13,8557.6,8837.05,21136856,4121.46,4121.99,3893.28,3893.28,28395872
7/29/2007,8907.52,9072.99,8666,8666,15853577,3890.43,3967.06,3781.67,3819.05,31616358
8/5/2007,8660.25,8949.92,8507.43,8507.43,14655047,3789.94,3843.41,3717.11,3717.11,17037960
8/12/2007,8385.37,8503.47,8015.91,8015.91,26329832,3673.27,3792.55,3575.84,3592.94,16022226
8/19/2007,8162.45,8241.65,7695.56,7883.2,30091224,3627.86,3694.71,3473.02,3492.92,19785695
8/26/2007,7926.7,8346.13,7793.83,8271.21,25624031,3569.47,3872.97,3525.45,3872.97,21313180
9/2/2007,8314.05,8366.5,8077,8363.12,15033891,3928.97,3928.97,3710.87,3828.8,28592518
9/9/2007,8365.34,8393.69,8048.65,8085.15,11148085,3850.21,3899.81,3758.85,3785.77,21709377
9/16/2007,7982.96,8314.61,7894.32,8259.01,11559340,3728.37,3860.34,3680.28,3794.6,13646251
9/23/2007,8215.08,8795.65,8215.08,8716.5,16055659,3736.33,3946.52,3736.33,3926.93,22328244
9/30/2007,8678.15,8678.15,8412.16,8426.28,13736866,3924.06,3924.06,3734.17,3734.17,20126275
10/7/2007,8452.58,8667.86,8377.36,8667.86,21896485,3753.43,3848.34,3683.14,3801.2,16234188
10/14/2007,8710.79,9058.32,8684.39,8985.31,19693967,3799.6,3876.57,3782.69,3876.57,22655430
10/21/2007,9049.45,9049.45,8625.34,8718.08,16500492,3905.35,3932.59,3835.79,3864.68,19392936
10/28/2007,8589.44,8931.27,8589.22,8848.49,13405073,3817.73,3959.68,3795.22,3911.63,21109680
11/4/2007,8932.86,8949.1,8759.8,8759.8,7920089,3988.41,3993.4,3854.63,3866.04,15644586
11/11/2007,8698.05,8814.73,8372.91,8497.62,19020452,3818.61,3825.84,3497.86,3529.53,27925601
11/18/2007,8391.67,8501.14,7983.15,8137.03,25704254,3544.59,3653.98,3487.29,3511.32,23464353
11/25/2007,8150.62,8269.58,8076.51,8245.89,20696187,3529.83,3610.96,3486.07,3575.22,20260035
12/2/2007,8185.12,8345.17,7998.34,8111.72,22006196,3582.47,3631.59,3462.43,3631.59,24360302
12/9/2007,8118.71,8452.01,8049.8,8421.33,15553710,3571.46,3804.94,3541.49,3731.11,29137403
12/16/2007,8559.65,8559.65,8045.79,8110.33,16557414,3792.36,3821.21,3652.14,3659.42,31051941
12/23/2007,8033.03,8086.26,7856.07,8019.77,26534340,3560.52,3643.24,3476.71,3590.09,37462185
12/30/2007,8058.98,8165.76,7949.93,7949.93,3174261,3600.75,3613.63,3523.18,3548.43,2654977
1/6/2008,7898.42,7898.42,7667.71,7688,9495458,3587.09,3615.57,3550.59,3577.44,14412024
1/13/2008,7581.17,7581.17,7015.08,7015.08,26368043,3590.33,3636.41,3477.56,3477.56,28479573
1/20/2008,6887.25,7014.58,6545.82,6683.42,40937657,3366.46,3417.03,3030.74,3086.77,43929140
1/27/2008,6554.2,6707.52,6201.59,6679.35,34818240,2994.55,3039.72,2884.85,2942.61,52197004
2/3/2008,6550.12,6749.91,6512.31,6749.91,26410891,2873.89,2919.51,2838.86,2895.19,33630063
2/10/2008,6844.58,6844.58,6202.92,6272.59,19366467,2986.45,3014.99,2801.98,2827.28,37551171
2/17/2008,6383.98,6836.55,6383.98,6655.5,24832054,2859.79,2892.61,2795.59,2806.73,43998989
2/24/2008,6731.9,6880.66,6541.89,6541.89,23460771,2846.86,2927.52,2809.07,2915.53,32056125
3/2/2008,6610.73,6610.73,6190.29,6190.29,15614057,2955.44,2955.44,2807.8,2807.8,34507339
3/9/2008,6047.05,6194.69,5884.07,5925.25,17347274,2712.3,2776.95,2683.66,2711.57,27561355
3/16/2008,6039.24,6345.46,6039.24,6088.13,28364184,2760.34,2855.64,2719.98,2719.98,36101583
3/23/2008,5912.29,6328.41,5837.59,6254.46,23517111,2641.25,2748.72,2598.92,2667.66,21004745
3/30/2008,6489.98,6673.26,6449.7,6624.52,19999950,2790.88,2874.68,2789.21,2852.21,17486154
4/6/2008,6515.55,6841.92,6515.55,6762.32,23035366,2809.11,2987.4,2809.11,2987.4,25120332
4/13/2008,6876.41,6876.41,6452.82,6452.82,16860818,3054.54,3054.54,2832.73,2832.73,28522097
4/20/2008,6471.66,6673.82,6419.57,6673.82,13925414,2845.49,2900.99,2813.89,2900.99,24455226
4/27/2008,6652.73,6652.73,6363.27,6519.39,14984097,2895.6,2895.6,2794.94,2846.29,18815179
5/4/2008,6594.47,6597.32,6417.56,6527.12,7392868,2865.7,2865.7,2772.44,2850.98,12053308
5/11/2008,6668.06,6951.37,6668.06,6837.9,19667802,2862.89,2883.28,2838.61,2850.19,21426780
5/18/2008,6902.45,6972.74,6878.78,6914.14,19854687,2878.46,2981.88,2876.25,2925.66,44249700
5/25/2008,6873.45,6873.45,6633.16,6693.36,10734562,2920.94,2920.94,2798.38,2798.38,12736570
6/1/2008,6709.08,6909.88,6682.02,6905.94,26670495,2811.78,2883.91,2759.74,2759.74,22929081
6/8/2008,6826.94,6890.66,6685.58,6685.58,11843859,2779.98,2804.84,2731.65,2731.65,21705816
6/15/2008,6532.2,6553.2,6184.8,6302.62,16104203,2663.52,2690.49,2519.65,2583.62,25080052
6/22/2008,6319,6405.74,6207.57,6236.49,28183972,2582.58,2582.58,2445.65,2447.94,28618622
6/29/2008,6174.28,6176.16,5987.8,5987.8,13556158,2408.27,2408.27,2302.57,2302.57,22885653
7/6/2008,5954.17,6017.93,5761.55,5761.55,19863601,2293.01,2320.08,2225.56,2256.7,24924962
7/13/2008,5752.22,5947.55,5670.23,5787.02,19907889,2254.8,2476.57,2254.8,2371.17,39224733
7/20/2008,5767.84,6072.37,5574.74,6051.87,22458535,2345.96,2444.89,2331.91,2435.22,34922984
7/27/2008,6043.49,6513.39,6043.49,6513.39,34923956,2490.1,2541.62,2431.65,2464.98,29818762
8/3/2008,6541.4,6896.94,6496.15,6753.63,27267317,2460.04,2633.75,2429.01,2569.89,36407097
8/10/2008,6696.97,6799.56,6464.74,6496.48,23056818,2566.81,2613.58,2397.03,2397.03,41506588
8/17/2008,6552.35,6673.69,6443.41,6457.56,14774593,2411.32,2564.6,2411.32,2485.63,21665901
8/24/2008,6486.63,6571.93,6268.75,6413.47,16209542,2485.08,2485.08,2381.74,2457.21,20634867
8/31/2008,6430.37,6512.2,6175.4,6501.93,15820377,2457.36,2457.36,2361.03,2366.69,19486773
9/7/2008,6472.96,6750.66,6242.64,6242.64,19894660,2369.62,2369.62,2264.91,2272.98,31072649
9/14/2008,6486.09,6500.5,6120.46,6120.46,14902316,2292.07,2318.23,2264.98,2271.09,31419874
9/21/2008,5926.1,6149.62,5629.8,6134.81,32434503,2252.01,2353.73,2135.26,2353.73,62625694
9/28/2008,6129.24,6188.16,5904.3,6188.16,24860190,2337.85,2421.33,2292.23,2394.64,31365800
10/5/2008,6001.67,6123.27,5787.69,5968.03,33580691,2358.11,2416.64,2321.93,2370.04,29949924
10/12/2008,5623.1,5641.29,4463.27,4945.18,55372266,2304.42,2317.82,1946.67,2035.2,50948729
10/19/2008,5034.53,5210.94,4090.14,4175.56,56431498,2117.24,2185.58,1912.17,1912.17,52711091
10/26/2008,4258.01,4258.01,3439.3,3513.78,59516192,2013.65,2035.87,1692.54,1738.12,53294171
11/2/2008,3373.67,4243.77,3373.67,4243.77,39969276,1685.44,2020.06,1685.44,2017.55,34267447
11/9/2008,4292.23,4506.96,4137.42,4227.82,37665550,2038.82,2094.1,1936.56,2026.55,41582510
11/16/2008,4374.07,4374.07,3845.65,4014.57,26692944,2102,2113.19,1897.16,1900.83,38691226
11/23/2008,3951.79,3951.79,3617.96,3715.53,31003360,1880.33,1880.33,1739.69,1796.14,33449642
11/30/2008,3845.09,4212.61,3845.09,4050.37,33476284,1829.9,1995.72,1829.9,1896.75,51957680
12/7/2008,3955.93,4169.19,3944.43,4099.53,24931615,1862.12,1948.99,1862.12,1894.62,28269809
12/14/2008,4278.77,4502.88,4278.77,4311.01,32613978,1943.85,1946.15,1805.29,1805.29,29038887
12/21/2008,4316.1,4588.86,4313.33,4324.79,27748316,1849.35,1919.04,1849.35,1919.04,34850691
12/28/2008,4247.75,4298.82,4247.75,4265.1,5316372,1888.49,1888.49,1848.75,1848.75,6720743
1/4/2009,4357.6,4438.49,4350.88,4390.9,7173164,1865.91,1897.16,1863.83,1889.46,13465039
1/11/2009,4579.2,4691.71,4317.29,4317.29,30175667,1958.71,2040.69,1947.37,1947.37,63229024
1/18/2009,4232.77,4232.77,3782.62,3835.59,35190514,1942.23,1951.26,1857.92,1867.78,28519667
1/25/2009,3841.32,3841.32,3397.67,3508.95,43535070,1836.64,1850.21,1690.45,1793.92,25739559
2/1/2009,3557.24,3658.84,3483.71,3490.86,35407116,1769.4,1815.17,1707.37,1727.45,21291829
2/8/2009,3357.69,3357.69,3049.84,3246.38,49804511,1675.56,1707.32,1585.34,1707.32,71933119
2/15/2009,3248.8,3401.44,3115.94,3115.94,36279787,1672.59,1729.01,1644.2,1644.2,22602896
2/22/2009,2982.02,2982.02,2334.67,2563.49,89202177,1583.69,1662.94,1490.22,1658.3,37034876
3/1/2009,2581.99,2594.54,2398.77,2533.36,61394426,1684.48,1718.09,1591.41,1607.27,29631107
3/8/2009,2505.7,2724.05,2480.67,2724.05,45249618,1622.54,1707.44,1622.54,1705.82,27206270
3/15/2009,2692.16,2915.13,2676.26,2862.03,54422870,1658.74,1701.76,1649.49,1649.49,25515117
3/22/2009,2934.78,2940.53,2776.68,2884.53,43601288,1666.76,1675.89,1614.46,1675.89,30532140
3/29/2009,2973.23,3178.51,2973.23,3026.56,42315542,1707.41,1900.55,1683.57,1833.81,50179621
4/5/2009,2896.63,3249.6,2756.69,3180.57,61348374,1818.8,1944.86,1799.55,1943.79,56720807
4/12/2009,3305.86,3553.99,3240.52,3553.99,48667450,1981.11,2063.49,1844.82,2063.49,30468125
4/19/2009,3626.63,3626.63,3347.58,3347.58,38959758,2095.52,2095.52,1914.65,1914.65,39334871
4/26/2009,3274.96,3516.37,3228.63,3516.37,44865637,1885.03,1983.72,1866.11,1983.72,27227975
5/3/2009,3460.75,3757.76,3359.66,3756.19,31222272,1964.53,2017.93,1896.56,2008,22096119
5/10/2009,3875.03,3985.74,3786.3,3809.17,50059340,2077.43,2124.42,2035.75,2071.95,36498316
5/17/2009,3789.43,3911.82,3678.9,3693.88,41436202,2028.98,2094.95,2001.43,2008.13,31337287
5/24/2009,3712.38,3886.42,3670.66,3683.81,34019004,2039.17,2152.05,2037.6,2052.07,32866885
5/31/2009,3640.02,3712.63,3526.5,3526.5,28870047,2025.96,2193.85,2025.96,2142.36,32016852
6/7/2009,3658.81,3896.96,3658.81,3825.59,33475039,2226.82,2398.17,2213.96,2353.24,38257516
6/14/2009,3740.95,3935.59,3722.48,3935.59,36501614,2333.79,2419.79,2274.03,2419.79,22053264
6/21/2009,3857.98,3913.67,3810.75,3913.67,33321501,2362.11,2372.55,2132.73,2223.35,45514809
6/28/2009,3830.23,3830.23,3683.39,3705.56,25603402,2158.53,2158.53,2021.62,2040.72,29593118
7/5/2009,3738.95,3812.43,3668.04,3668.04,22283729,2050,2086.86,1991.47,1991.47,32717278
7/12/2009,3637.51,3702.23,3534.34,3551.48,20582567,1967.26,2004.18,1941.42,1941.42,27229088
7/19/2009,3516.74,3998.79,3516.74,3991.94,41689392,1931.55,2103.58,1931.55,2035.88,25694549
7/26/2009,4113.06,4469.97,4113.06,4469.97,29950547,2111.36,2265.8,2111.36,2242.48,21951507
8/2/2009,4528.57,4765.78,4346.33,4763.16,34602396,2227.27,2279.88,2141.02,2252.4,18098355
8/9/2009,4861.64,4861.64,4511.13,4676.94,44048790,2267.3,2279.83,2160.39,2244.11,28320373
8/16/2009,4666.08,4759.02,4503.45,4677.79,32982135,2235.25,2280.45,2153.22,2158.68,31316310
8/23/2009,4474.25,5045.9,4474.25,5045.9,37979428,2095.65,2262.72,2091.96,2262.72,31179706
8/30/2009,5127.87,5403.79,5093.36,5129.14,32117178,2286.36,2348.63,2268.87,2268.87,27100820
9/6/2009,5143.32,5149.69,4782.6,4827.61,29052074,2244.58,2248.68,2111.87,2111.87,37004911
9/13/2009,4937.07,5074.12,4914.09,4914.09,22057713,2154.77,2212.71,2140.93,2140.93,22711844
9/20/2009,4764.36,5003.08,4764.36,4981.08,31118011,2085.83,2161.62,2079.8,2134.8,34642623
9/27/2009,4988.57,5423.14,4962.51,5336.04,38223958,2150.12,2270.25,2143.51,2261.38,24311820
10/4/2009,5322.38,5348.65,5155.29,5155.29,34721174,2278.31,2338.35,2164.22,2164.22,38911456
10/11/2009,5157.95,5356.72,5132.59,5325.56,21323707,2180.12,2242.27,2148.35,2213.26,39640591
10/18/2009,5391.99,5590.21,5335.19,5471.76,42276732,2220.96,2276.77,2196.18,2276.77,63209776
10/25/2009,5527.24,5827.56,5527.24,5822,30542089,2309.09,2387.4,2309.09,2380.44,48981585
11/1/2009,5731.47,5742.77,5372.41,5472.12,30318089,2337.7,2360.54,2255.58,2255.58,41156493
11/8/2009,5474.92,5635.73,5284.15,5594.41,43336943,2214.34,2234.79,2173.68,2210.26,32941091
11/15/2009,5697.76,5931.74,5697.76,5874.82,30572846,2243.87,2332.81,2243.87,2292.55,33273267
11/22/2009,6043.06,6119.36,5771.34,5823.76,28416454,2347.66,2359.99,2268.97,2301.74,30503641
11/29/2009,5906.56,6018.71,5696.89,5736.6,26336934,2331.41,2370.85,2267.19,2293.19,36497211
12/6/2009,5778.1,6105.91,5778.1,6105.91,29940732,2304.14,2379.64,2304.14,2377.19,27077375
12/13/2009,6049.13,6075.14,5723.91,5813.32,28462894,2381.52,2393.89,2321.36,2321.36,26178428
12/20/2009,5877.9,5934.6,5824.44,5840.78,25278428,2341.26,2375.11,2322.74,2335.62,35921363
12/27/2009,5859.14,5902.78,5853.48,5888.39,12884703,2337.59,2408.76,2337.59,2408.76,10380190
1/3/2010,5953.19,5953.19,5869.1,5869.1,16905906,2442.2,2471.01,2435.46,2435.46,22026498
1/10/2010,5952.83,6086.95,5952.83,6041.94,21695930,2501.68,2607.48,2501.68,2563.91,34597308
1/17/2010,6107.51,6128.7,6071.54,6078.24,26989951,2602.07,2621.05,2558.3,2564.43,34889157
1/24/2010,6088.35,6264.05,6070.43,6070.43,40210337,2567.57,2611.01,2496.58,2496.58,28823285
1/31/2010,6102.05,6102.05,5929.95,6012.89,37518193,2516.46,2528.45,2434.74,2480.91,29445398
2/7/2010,5973.02,5997.88,5506.56,5506.56,29614128,2474.13,2527.23,2286.64,2286.84,33811617
2/14/2010,5558.56,5622.06,5440.9,5585.82,28766207,2313.56,2352.94,2265.37,2287.94,33060836
2/21/2010,5689.92,5788.59,5596.14,5596.14,24412178,2300.15,2372.38,2300.15,2328.88,36821478
2/28/2010,5635.78,5659.32,5479.1,5635.11,22230707,2336.85,2363.38,2294.16,2345.69,26759549
3/7/2010,5659.5,5893.95,5630.77,5893.95,23399735,2349.76,2477.75,2344.14,2477.75,42627106
3/14/2010,5919.93,6025.04,5888.5,5964.64,22092749,2504.08,2599.26,2485.98,2568.34,51518378
3/21/2010,5926.1,6130.65,5915.9,6011.56,35787045,2555.73,2722.23,2544.86,2654.42,78989714
3/28/2010,5965.22,6182.9,5953.1,6162.71,23145405,2636.23,2731.23,2636.23,2687.73,54691552
4/4/2010,6197.02,6367.68,6115.04,6367.68,19938130,2699.92,2707.08,2675.71,2693.82,23351915
4/11/2010,6423.42,6469.81,6332.76,6420.43,22762989,2733.3,2734.03,2640.74,2666.78,29703260
4/18/2010,6433.67,6642.69,6433.67,6606.61,36196618,2685.21,2732.65,2670.36,2725.77,30617635
4/25/2010,6405.08,6578.1,6258.51,6335.39,28385565,2685.27,2693.04,2614.11,2628.05,23992678
5/2/2010,6427.08,6481.28,6162.14,6434.68,34858277,2695.87,2730.42,2619.13,2721.98,24674774
5/9/2010,6292.76,6292.76,5880.52,5880.52,29449087,2681.68,2681.68,2480.39,2480.39,33654516
5/16/2010,6239.26,6268.59,6095.06,6095.06,24086476,2601.93,2667.35,2592.08,2592.08,35763489
5/23/2010,6129.62,6244.32,5794.23,5883.36,32747924,2615.57,2692.19,2471.28,2504.28,35771878
5/30/2010,5901.58,6262.14,5772.07,6262.14,29748577,2495.84,2644.36,2467.42,2644.36,79104275
6/6/2010,6234.76,6307.98,5921.79,5981.17,18101450,2648.25,2673.79,2582.75,2612.55,41381351
6/13/2010,5862.86,6069.92,5846.86,6030.91,26054716,2573.69,2610.99,2572.53,2602.28,49126475
6/20/2010,6125.12,6137.5,5918.17,5991.77,24183661,2659.45,2679.01,2636.75,2654.79,52871773
6/27/2010,6077.06,6091.21,5899.39,5963.9,21004247,2683.51,2683.51,2582.28,2589.41,28088813
7/4/2010,6001.88,6001.88,5723.86,5801.24,19880965,2587.99,2587.99,2471.06,2555.32,48620148
7/11/2010,5792.53,5930.7,5785.62,5886.48,16678622,2533.19,2571.85,2532.38,2568.76,36395811
7/18/2010,5907.63,6099.4,5907.63,6038.3,23175170,2589.5,2658.4,2589.5,2641.2,36379333
7/25/2010,6035.2,6194.52,5966.09,6176.83,24880359,2622.12,2740.62,2608.12,2740.62,51225022
8/1/2010,6215.45,6308.74,6059.83,6124.18,19215532,2737.53,2747.97,2686.5,2703.14,56947868
8/8/2010,6242.19,6374.93,6242.19,6295.02,17411105,2743.72,2845.06,2743.72,2834.71,39945134
8/15/2010,6304.26,6304.26,6018.89,6018.89,13250502,2833.21,2833.21,2684.15,2684.75,37744100
8/22/2010,6043.35,6167.44,5995.79,6013.03,14117202,2695.22,2754.24,2658.32,2671.03,30864158
8/29/2010,6030.12,6051.54,5830.96,5947.57,21978787,2699.92,2701.82,2612.53,2677.91,30609243
9/5/2010,5965.37,6050.15,5821.74,6046.83,20407099,2682.44,2735.64,2609.44,2735.64,43868888
9/12/2010,6052.57,6218.29,6052.57,6168.26,20069548,2752.44,2799.01,2736.28,2776.64,35691582
9/19/2010,6309.12,6309.12,6238.16,6302.96,47640426,2802.01,2807.34,2743.13,2743.13,74722816
9/26/2010,6300.99,6688.64,6300.99,6688.64,50541783,2749.48,2771.09,2708.86,2747.92,27720737
10/3/2010,6681.98,6706.49,6566.68,6668.39,32526099,2734.85,2759.84,2710.69,2753.87,67790902
10/10/2010,6681.57,6868.01,6681.57,6757.48,30772203,2721.95,2848.81,2721.95,2796.1,61976913
10/17/2010,6766.7,6961.49,6728.65,6880.75,22182262,2807.14,2863.98,2796.76,2815.06,39716878
10/24/2010,6916.53,7071.64,6839.64,7025.51,19735968,2802.5,2815.15,2758.81,2815.15,43459420
10/31/2010,7025.63,7032.8,6919.14,7032.8,22239264,2832.35,2871.26,2822.14,2866.44,43672321
11/7/2010,7085.02,7253.33,7085.02,7230,26787438,2893,3063.53,2893,3060.64,51716204
11/14/2010,7223.92,7269.51,7111.15,7212.76,20637013,3044.33,3101.74,3000.98,3033.4,43772121
11/21/2010,7169.31,7195.23,6843.4,6852.76,23812741,3029.45,3029.45,2933.82,2950.47,41149288
11/28/2010,6846.24,6898.07,6743.65,6844.2,22431316,2958.9,2981.25,2930.76,2940.12,45796209
12/5/2010,6812.19,7050.65,6768.8,7050.65,27557462,2932.6,3054.31,2875.06,3038.95,35794101
12/12/2010,7029.73,7118.27,7029.73,7101.71,28622540,3047,3183.1,3042.91,3177.95,60045096
12/19/2010,7052.36,7146.3,7035.14,7096.79,22125854,3190.89,3197.06,3152.12,3179.31,42271619
12/26/2010,7002.24,7054.72,6990.69,7017.77,11231800,3161.39,3218.47,3161.39,3193.85,23903018
1/2/2011,7006.99,7068.26,6921.28,6921.28,17035601,3193.86,3194.41,3079.41,3079.41,27470754
1/9/2011,6961.98,6973.88,6635.1,6635.1,30780938,3129.56,3171.03,3078,3084.96,29454372
1/16/2011,6571.13,6719.96,6571.13,6663.69,48413060,3040.95,3161.41,3021.3,3143.76,42419812
1/23/2011,6655.05,6947.36,6655.05,6857.98,25402113,3158.87,3227,3109.26,3155.01,53505152
1/30/2011,6767.38,6824.89,6750.73,6750.73,19037109,3108.46,3235.67,3101,3213.96,54226083
2/6/2011,6645.72,6889.83,6645.72,6868.4,39367332,3162.73,3284.22,3162.73,3234.1,153216489
2/13/2011,6901.66,6926.06,6782.51,6813.68,41554478,3259.3,3259.3,3163.12,3209.62,102745623
2/20/2011,6818.16,6818.16,6615.61,6730.25,26188544,3212.27,3212.27,3105.8,3117.15,70694047
2/27/2011,6676.51,6717.89,6625.75,6704.78,20159965,3093.94,3220.91,3093.94,3160.74,54627784
3/6/2011,6673.53,7018,6673.53,6971.3,25497144,3192.98,3396.29,3163.05,3396.29,67077600
3/13/2011,7036.78,7054.22,6880.5,6880.5,23322637,3434.07,3461.55,3358.63,3401.48,80603430
3/20/2011,6882.2,6943.66,6790.83,6910.35,29610319,3463.52,3463.52,3325.68,3448.47,59325973
3/27/2011,6914.79,7027.22,6847.08,7027.22,22013393,3456.68,3507.65,3448.63,3502.88,45386213
4/3/2011,7041.93,7233.83,7001.06,7233.83,42546492,3514.15,3665.38,3480.51,3665.38,65956363
4/10/2011,7245.85,7387.49,7222.09,7276.69,30325878,3686.87,3772.29,3680.56,3735.85,104317655
4/17/2011,7239.45,7371.58,7219.13,7337.06,27272685,3745.15,3759.99,3695.74,3736.73,73823290
4/24/2011,7287.45,7348.2,7173.04,7258.73,15392098,3723.46,3776.58,3656.55,3750.62,51831988
5/1/2011,7267.86,7316.39,7248.34,7249.52,11513690,3738.41,3776.27,3668.49,3683.51,48354917
5/8/2011,7229.14,7280.94,7206.74,7245.63,18315948,3658.69,3664.43,3525.98,3555.77,55500693
5/15/2011,7215.85,7218.11,6967.54,6967.54,34753381,3558.35,3592.95,3497.37,3538.46,74271424
5/22/2011,6976.13,7093.29,6976.13,7018.84,26315667,3514.96,3612.8,3506.9,3566.03,60238618
5/29/2011,6940.84,7046.57,6940.84,6976.36,22321737,3512.88,3664.55,3512.88,3662.36,54325106
6/5/2011,7007.99,7146.54,7007.99,7072.22,22941778,3654.11,3714.17,3616.04,3639.54,65215382
6/12/2011,7052.63,7096.99,6993.31,6993.31,23282525,3639.81,3669.01,3606.97,3612.82,71759683
6/19/2011,6995.14,7071.91,6981.69,7031.62,31278283,3620.26,3646,3554,3646,40208042
6/26/2011,7011.72,7012.41,6775.71,6775.71,24419979,3611.09,3616.07,3548.44,3569.55,30541814
7/3/2011,6763.49,6846.61,6695.43,6846.61,28818101,3531.33,3619,3501.75,3619,43749207
7/10/2011,6873.78,6935.58,6794.96,6836.52,20888500,3633.56,3705.45,3592.41,3690.26,38669639
7/17/2011,6773.39,6803.38,6615.07,6708.17,23454449,3663.67,3663.67,3445,3454.16,38289762
7/24/2011,6610.19,6781.76,6529.65,6764.16,26115824,3397.23,3397.23,3248.43,3389.96,47605120
7/31/2011,6722.6,6722.6,6497.95,6614.05,28768679,3374.79,3375.36,3277.64,3314.74,29981912
8/7/2011,6671.03,6671.03,5909.33,5909.33,45464147,3338.02,3345.23,2895.06,2927.15,52457241
8/14/2011,5853.18,5853.18,5199.66,5719.4,71869383,2893.68,2893.68,2547.02,2730.75,101616117
8/21/2011,5635.1,5820.71,5247.81,5439.45,36380260,2744.14,2858.94,2578.2,2636.89,68939986
8/28/2011,5484.97,5626.67,5482.81,5626.67,24066898,2709.66,2786,2663.77,2739.86,50343499
9/4/2011,5667.72,6046.38,5667.72,5722.94,31809470,2731.1,2893.53,2731.1,2790.82,84323488
9/11/2011,5552.51,5677.4,5219.95,5219.95,29881515,2735.53,2780,2670.24,2680.27,69701205
9/18/2011,5018.28,5384.6,4944.19,5330.12,44324437,2580.11,2735.22,2578.05,2733.95,54253366
9/25/2011,5164.78,5466.65,4909.41,5001.08,37119373,2671.88,2742.65,2483.06,2498.88,94033899
10/2/2011,5150.47,5559.01,5129.28,5455.82,56332099,2546.85,2728.34,2520.79,2675.31,78642391
10/9/2011,5296.53,5533.67,5222.6,5526.35,37001019,2608.12,2650.21,2489.55,2574.94,58576851
10/16/2011,5583.7,5819.88,5583.7,5792.8,53301437,2606.44,2780.47,2606.44,2766.87,91862769
10/23/2011,5892.72,5892.72,5554.02,5836.48,37985328,2792.79,2792.79,2647.05,2739.56,52652495
10/30/2011,5869.39,6110.82,5849.95,6059.86,33208726,2773.72,2874.08,2771.24,2859.37,50014191
11/6/2011,5982.36,6018.8,5820.45,5820.45,26486480,2808.93,2898.41,2751.96,2810.41,42101575
11/13/2011,5748.76,5936.5,5558.87,5558.87,28668559,2793.97,2894.94,2793.97,2832.66,54975623
11/20/2011,5700.71,5700.71,5428.74,5428.74,31777499,2864.33,2864.33,2774.17,2781.28,64388871
11/27/2011,5407.12,5425.35,5155.5,5231.05,25130735,2740.14,2740.14,2628.59,2682.36,57201571
12/4/2011,5407.95,5624.79,5274.86,5549.89,32397443,2729.95,2866.03,2706.2,2795.99,68514323
12/11/2011,5611.01,5710.58,5500.82,5538.53,27103269,2816.03,2864.04,2730.38,2797.76,72866033
12/18/2011,5480.35,5545.95,5353.66,5370.02,40529719,2772.38,2772.38,2633.9,2633.9,77422863
12/25/2011,5423.01,5486.58,5301.34,5486.58,19275000,2659.85,2659.85,2529.72,2567.28,40647750
1/1/2012,5496.65,5540.64,5416.9,5421.04,12967510,2572.51,2576.64,2542.01,2567.58,21445161
1/8/2012,5491.16,5562.69,5301.64,5366.81,62933796,2583.84,2660.78,2543.22,2545.77,84119293
1/15/2012,5285.61,5360.83,5227.82,5346.72,42366272,2502.11,2617.04,2502.11,2555.86,78133870
1/22/2012,5327.59,5679.1,5327.59,5674.22,69180853,2560.74,2696.44,2560.74,2696.44,56700575
1/29/2012,5702.04,5969.64,5669.58,5914.86,103028950,2679.39,2716.01,2639.37,2652.19,71398971
2/5/2012,5877.03,6176.06,5853.11,6096.17,59697914,2654.2,2780.68,2652.39,2756.43,63867277
2/12/2012,6093.1,6156.91,5972.15,5972.15,40958902,2737.96,2770.14,2648.06,2668.25,78931959
2/19/2012,6039.17,6092.12,5995.88,6092.12,32888347,2661.58,2673.28,2608.8,2670.02,70539372
2/26/2012,6115.48,6123.68,5881.88,5881.88,37262229,2684.17,2692.99,2589.92,2614.21,53923679
3/4/2012,5857.01,5978.24,5851.61,5978.24,45115742,2602.01,2645.79,2578.08,2604.91,51981755
3/11/2012,5927.99,5979.43,5734.71,5926.7,46281105,2602.91,2646.43,2570.49,2633.49,45959284
3/18/2012,5942.03,6116.99,5924.19,6024.9,50914500,2630.3,2734.26,2624.66,2730.16,79198547
3/25/2012,5998.51,5998.51,5804.83,5897.48,31371208,2727.46,2784.19,2727.46,2784.19,71864605
4/1/2012,5899.39,6010.84,5891.94,5894.31,23647333,2781.8,2820.45,2740.86,2746.96,77691915
4/8/2012,5903.22,5920.05,5717.31,5720.81,16792457,2756.95,2810.77,2747.33,2755.68,59242429
4/15/2012,5735.73,5830.81,5712.3,5775.17,25532348,2736.91,2763,2693.26,2737.88,54155532
4/22/2012,5775.98,5836.32,5653.08,5653.08,22735879,2752.89,2829.64,2751.89,2755.54,53132872
4/29/2012,5557.04,5819.23,5493.69,5819.23,31749757,2732.04,2732.04,2698.77,2728.91,40246535
5/6/2012,5761.33,5801.02,5692.2,5692.2,11857203,2738.08,2739.61,2673.82,2677.13,21190427
5/13/2012,5630.91,5696.26,5547.35,5578.97,22425560,2657.11,2700.33,2578.95,2614.93,41736417
5/20/2012,5466.65,5469.12,5272.99,5285.66,24904583,2552.3,2577.68,2488.57,2512.88,63317106
5/27/2012,5359.64,5426.11,5181.11,5237.78,24054520,2531.03,2561.8,2472.72,2484.73,56563460
6/3/2012,5252.01,5421.52,5252.01,5319.62,18411243,2506.21,2542.07,2420.59,2425.95,46414033
6/10/2012,5370.97,5436.31,5163.3,5436.31,15630038,2443.72,2482.52,2375.25,2482.52,22406492
6/17/2012,5499.71,5684.22,5460.22,5670.08,41891774,2504.08,2657.87,2498.69,2657.87,62200619
6/24/2012,5679.73,5868.98,5655.9,5776.42,28862205,2660.55,2729.28,2626.28,2691.62,63431590
7/1/2012,5719.21,6021.14,5695.65,6021.14,27959310,2663.9,2753.62,2659.46,2744.11,41643571
7/8/2012,5970.31,5972.14,5874.91,5893.96,22091259,2768.78,2827.09,2752.74,2815.39,69132873
7/15/2012,5786.46,5813.38,5648.4,5741.24,24697646,2775.72,2780.42,2695.52,2717.15,65483278
7/22/2012,5730.85,5812.59,5646.95,5646.95,37471964,2707.75,2732.28,2665.09,2671.3,53587544
7/29/2012,5532.62,5583.64,5445.64,5583.64,23820497,2613.11,2638.83,2574.52,2638.83,43065687
8/5/2012,5592.65,5785.32,5592.65,5785.32,24843685,2638.45,2731.36,2638.45,2727.18,29279683
8/12/2012,5883.32,6149.65,5883.32,6098.46,23417895,2754.67,2882.55,2749.78,2870.96,36804611
8/19/2012,6202.66,6240.74,6139.92,6139.92,13495783,2855.2,2859.68,2761.48,2761.48,24193616
8/26/2012,6104.85,6186.12,6054.41,6075.14,18141998,2750.26,2750.26,2697.19,2734.91,38112619
9/2/2012,6090.61,6094.2,5943.43,6058.88,29882369,2731.98,2802.68,2717.2,2787.07,44463524
9/9/2012,6085.97,6331.33,5978,6324.65,17901595,2815.83,2960.85,2812.06,2960.85,38979509
9/16/2012,6312.61,6562.22,6261.1,6495.06,41704640,2952.6,3108.59,2932.85,3108.59,37640901
9/23/2012,6495.15,6495.15,6352.2,6373.43,32818132,3086.38,3094.1,2981.54,2981.54,50864053
9/30/2012,6310.22,6413.43,6244.81,6279.65,27512072,2993.78,3100.79,2993.08,3094.24,56943898
10/7/2012,6301.26,6454.81,6301.26,6454.81,32299248,3091.67,3131.84,3090.4,3131.84,76060941
10/14/2012,6387.44,6439.15,6278.46,6304.8,26961499,3115.03,3120.48,3066.41,3067.31,115344819
10/21/2012,6301.18,6475,6255.93,6366.6,21448236,3066.98,3097.22,2928.27,2928.27,86951808
10/28/2012,6415.9,6415.9,6215.96,6235.91,18773427,2926.76,3000.53,2898.17,2995.41,56123077
11/4/2012,6227.55,6338.9,6227.55,6338.9,9654176,3001.2,3054.58,2973.15,2982.43,40446285
11/11/2012,6294.03,6328.13,6167.01,6190.58,21220741,2968.66,3057.16,2943.57,2998.6,107189642
11/18/2012,6209,6244.66,6155.11,6200.64,20336586,3037.19,3181.47,3031.24,3129.16,84260567
11/25/2012,6254.19,6271.43,6155.49,6203.45,25164676,3195.62,3224,3165.93,3174.47,45474320
12/2/2012,6177.48,6306.51,6177.48,6306.33,32258968,3173.41,3284.21,3173.41,3224.33,67212009
12/9/2012,6314.87,6471.36,6314.87,6458.95,55453445,3226.95,3349.22,3217.4,3323.78,68852755
12/16/2012,6464.69,6550.37,6449.79,6502.01,26695939,3320.41,3505.2,3320.41,3502.09,55892339
12/23/2012,6494.9,6674.74,6494.9,6617.88,41685425,3504,3723.7,3504,3618.27,57772249
12/30/2012,6682.01,6686.62,6648.51,6648.51,11560418,3658.09,3669.32,3571.11,3571.11,13295535
1/6/2013,6727.38,6727.92,6640.07,6640.07,15371871,3684.35,3710.02,3643.46,3657.91,51587891
1/13/2013,6591.97,6592.82,6482.11,6533.47,37860383,3586.7,3620.64,3534.25,3544.79,54029491
1/20/2013,6609.03,6694.47,6555.42,6679.16,46975224,3599.46,3719.09,3547.24,3698.62,38649831
1/27/2013,6644.91,6650.92,6536.09,6602.68,79383027,3726.31,3784.57,3708.78,3769.37,34111925
2/3/2013,6603.06,6603.06,6339.39,6358.58,61467632,3723.28,3723.28,3607.52,3644.46,49424323
2/10/2013,6395.73,6483.61,6344,6483.61,44989995,3703.79,3703.79,3535.96,3562.82,32826698
2/17/2013,6494.81,6494.81,6434.78,6474.72,18328757,3594.2,3737.74,3594.2,3737.74,37425306
2/24/2013,6498.91,6498.91,6342.59,6396.09,29358023,3730.2,3855.76,3727.26,3855.76,29735751
3/3/2013,6419.07,6505.71,6414.87,6476.44,41945393,3876.29,3927.73,3766.63,3897.45,44829745
3/10/2013,6435.83,6503.06,6410.43,6473.22,38504627,3869.91,4055.68,3862.04,4048.79,42841259
3/17/2013,6487.04,6587.43,6475.83,6556.17,42463326,4017.97,4033.67,3889.85,3952.89,52948243
3/24/2013,6482.75,6482.75,6239.2,6265.59,30427844,3890.37,3925.66,3791.82,3791.82,29158334
3/31/2013,6320.98,6374.95,6269.4,6369.16,24060457,3832.63,3832.63,3665.91,3693.72,38553384
4/7/2013,6404.9,6422.95,6280.38,6304,19988036,3669.42,3693.53,3570.69,3596.75,29969868
4/14/2013,6364.2,6458.09,6316.72,6390.03,21485253,3627.16,3725.6,3578.45,3725.6,42654409
4/21/2013,6318.98,6346.83,6160.57,6239.69,19697970,3654.91,3655.63,3490.48,3490.48,40135433
4/28/2013,6251.11,6251.11,6127.43,6160.04,30351608,3515.86,3573.45,3443.65,3529.71,51325057
5/5/2013,6172.82,6178.53,6108.94,6108.94,11968231,3573.61,3573.61,3487.44,3487.44,20475607
5/12/2013,6155.5,6326.01,6155.5,6253.13,37233143,3536.13,3631.29,3525.54,3585.45,24920720
5/19/2013,6282.09,6563.96,6282.09,6534.07,35206854,3576.36,3786.65,3576.36,3782.9,35146456
5/26/2013,6569.56,6576.25,6415.58,6521.57,30844514,3800.42,3820.54,3726.44,3817.04,43544886
6/2/2013,6543.9,6740.05,6543.9,6724.27,27799939,3869.09,4029.66,3869.09,3911.72,41741681
6/9/2013,6634.05,6847.02,6621.92,6847.02,32011869,3859.65,4011.58,3859.65,4011.58,36842453
6/16/2013,6937.26,6987.45,6908.49,6940.89,47325008,4009.6,4011.02,3864.77,3892.86,46815231
6/23/2013,6975.38,6975.38,6480.92,6480.92,53359641,3903.76,3903.76,3454.63,3454.63,50219737
6/30/2013,6537.29,6598.44,6389.79,6598.44,38037774,3457.22,3527.87,3314.95,3524.1,70770339
7/7/2013,6511.35,6571.59,6435.8,6438.37,30392762,3550.51,3677.15,3550.51,3592.88,63615627
7/14/2013,6456.78,6709.26,6385.54,6709.26,24143635,3551.51,3726.32,3511.08,3726.32,34431582
7/21/2013,6704.45,6906.83,6704.45,6906.83,22650878,3702.58,3742.96,3677.64,3710.73,26861390
7/28/2013,6924.59,6954.4,6874.31,6928.85,30205206,3685.22,3685.22,3501.02,3501.02,33960580
8/4/2013,6938.22,7371.22,6931.34,7371.22,39238132,3500.23,3668.03,3472.83,3668.03,40943233
8/11/2013,7367.39,7504.16,7220.25,7504.16,34122253,3664.44,3754.67,3653.01,3688.72,27028468
8/18/2013,7477.61,7762.01,7477.61,7689.61,21982334,3660.32,3747.86,3644.19,3656.29,33618796
8/25/2013,7615.19,7653.77,7482.74,7636.58,24555376,3645.34,3688.88,3600.42,3653.13,85201411
9/1/2013,7670.65,7670.65,7328.34,7394.25,30759012,3698.57,3698.57,3557.26,3627.05,101266461
9/8/2013,7463.03,7468.08,6735.73,6984.9,58709891,3643.7,3643.7,3267.78,3349.1,124654634
9/15/2013,7071.89,7491.58,7071.89,7396.99,33339185,3360.1,3620.41,3357.12,3528.76,88996453
9/22/2013,7460.95,7609.02,7350.5,7503.2,33605608,3546.31,3620.72,3497.66,3620.72,53129854
9/29/2013,7543.89,7838.16,7425.07,7783.75,26074848,3613.31,3634.83,3595.32,3598.66,31025896
10/6/2013,7700.22,7899.89,7658.41,7792.42,27360932,3562.76,3622.99,3472.68,3477.31,36770084
10/13/2013,7726.62,8218.65,7696.53,8206.57,29067887,3458.5,3592.86,3448.42,3592.86,84890219
10/20/2013,8219.36,8426.65,8111.79,8171.55,53219006,3574.61,3616.24,3487.03,3502.38,47409799
10/27/2013,8353.49,8421.58,8228.03,8342.6,35227807,3559.34,3589.08,3504.68,3504.68,36193776
11/3/2013,8469.07,8557.24,8326.91,8327.62,22493530,3528.79,3588.3,3453.93,3453.93,31008127
11/10/2013,8338.49,8402.54,8195.28,8200.16,26369520,3471.81,3534.78,3471.81,3487.1,31354532
11/17/2013,8246.58,8348.48,8060.25,8326.55,20667093,3487.9,3546.54,3427.84,3544.85,26837899
11/24/2013,8353.79,8527.63,8353.79,8460.83,27963089,3564.99,3650.14,3564.99,3602.74,71006748
12/1/2013,8539.19,8544.22,8423.17,8455.78,26996509,3649.43,3672.75,3571.78,3666.08,38417987
12/8/2013,8436.3,8436.3,8065.04,8171.58,36176079,3680.71,3680.71,3510.07,3526.24,37878257
12/15/2013,8276.17,8276.17,8019.82,8019.82,26415169,3524.56,3524.56,3377.87,3377.87,39499401
12/22/2013,8003.05,8050.47,7911.64,8029.81,37194249,3366.85,3368.4,3206.85,3220.74,58442922
12/29/2013,8065.44,8080.84,8014.87,8014.87,7008027,3274.37,3281.98,3214.27,3214.27,6926602
1/5/2014,7999.8,8059.56,7949.61,7949.61,11095277,3225.66,3340.59,3215.11,3287.06,10805753
1/12/2014,7788.72,7881.02,7743.55,7833.79,39930583,3226.96,3242.97,3168.75,3187.53,38277121
1/19/2014,7941.73,8231.9,7937.71,8115.97,33297772,3220.99,3269.13,3216.44,3226.81,61649127
1/26/2014,8124.36,8526.14,8124.36,8230.17,50065871,3192.42,3220.15,3041.8,3041.8,146025104
2/2/2014,8108.16,8327.41,8056.77,8327.41,61247819,3014.84,3034.4,2977.62,3002.88,175808566
2/9/2014,8324.04,8596.44,8256.72,8559.66,53887282,3037.54,3188.61,3014.98,3188.61,128769134
2/16/2014,8570.3,8865.08,8546.33,8850.12,36082015,3183.19,3271.9,3176.74,3193.8,72152430
2/23/2014,8817.59,8817.59,8657.13,8756.69,26919098,3227.02,3297.18,3217.03,3297.18,51752529
3/2/2014,8840.96,8918.66,8750.51,8918.66,30768298,3349.64,3364.82,3216.3,3345.31,38010767
3/9/2014,8657.33,8689.49,8446.23,8580.18,53217205,3168.63,3168.63,3066.89,3084.96,125555169
3/16/2014,8572.6,8572.6,8181.41,8222.02,38939497,3094.08,3094.08,2979.35,2999.34,120669233
3/23/2014,8347.24,8511.72,8346.55,8411.13,71775514,3052.77,3124.05,2971.37,2971.37,73284631
3/30/2014,8411.84,8667.12,8380.9,8667.12,32824923,2967.2,3091.49,2951.12,3069.06,28632818
4/6/2014,8688.1,8820.5,8688.1,8798.72,26220904,3114.75,3181.59,3114.75,3153.06,23128346
4/13/2014,8768.64,8796.16,8654.68,8698.53,34355301,3138.47,3204.33,3102.38,3203.16,46633049
4/20/2014,8665.81,8665.81,8425.05,8549.99,21342202,3155.17,3169.7,3098.54,3130.22,16956728
4/27/2014,8596.16,8674.79,8482.17,8491.18,23545555,3120.2,3280.49,3120.2,3246.78,32189069
5/4/2014,8518.41,8590.8,8467.38,8537.86,21529085,3290.34,3337.3,3264.18,3279.83,26754852
5/11/2014,8437.36,8437.36,8230.52,8339.85,31462519,3261.08,3261.4,3206.04,3206.04,25822824
5/18/2014,8269.53,8332.88,8053.5,8055.04,48720759,3230.07,3308,3218.27,3275.55,19537239
5/25/2014,8044.62,8458.38,8044.62,8455.08,51426318,3257.31,3307.61,3217.14,3296.41,21339284
6/1/2014,8499.89,8514.15,8362.53,8362.53,130769189,3326.98,3326.98,3147.7,3147.7,27636144
6/8/2014,8347.38,8597.18,8303.46,8597.18,41994221,3174.98,3286.34,3173.92,3286.34,25124203
6/15/2014,8607.82,8622.56,8415.98,8415.98,26176759,3295.51,3295.51,3238.14,3270.36,18600451
6/22/2014,8406.53,8460.98,8335.73,8342.22,28190169,3229.09,3316.71,3229.09,3288.94,21454769
6/29/2014,8376.4,8382.17,8046.3,8046.3,24876190,3298.79,3353.98,3257.84,3261.19,22042040
7/6/2014,8087.27,8193.67,8026.4,8074.34,30030402,3258.21,3280.15,3174.64,3193.55,16477290
7/13/2014,8153.41,8183.03,7843.96,8034.33,27484696,3228.6,3296.38,3195.09,3283.86,17564748
7/20/2014,8107.24,8158.18,8068.72,8133.64,19835617,3314.25,3352.1,3288.1,3341.75,16857622
7/27/2014,8096.03,8165.33,8071.76,8129.82,18954045,3338.46,3379.44,3178.08,3178.08,18487371
8/3/2014,8124.26,8144.09,7658.65,7861.46,32347423,3215.96,3215.96,2953.64,3010.04,33842624
8/10/2014,7894.24,8017.22,7747.02,7772.25,25518736,3060.07,3060.07,2965.12,2985.86,36073262
8/17/2014,7834.29,8186.28,7832.15,8186.28,25233418,3052.6,3089.41,3051.57,3078.62,19751298
8/24/2014,8192.29,8308.28,8166.66,8166.66,34126185,3075.73,3115.6,3049.82,3094.91,23293617
8/31/2014,8209.01,8306.72,8111.57,8111.57,27091303,3098.66,3207.6,3094.51,3098.24,19536277
9/7/2014,8144.04,8627.92,8144.04,8609.9,30366833,3130.73,3236.83,3130.73,3193.61,24075754
9/14/2014,8583.64,8654.82,8446.82,8446.82,22533347,3198.75,3216.48,3162.18,3203.88,27521738
9/21/2014,8483.69,8819.46,8483.69,8819.46,40727228,3196.64,3340.46,3169.94,3340.46,24675608
9/28/2014,8781.59,8781.59,8478.04,8567.21,22024992,3338.97,3338.97,3210.04,3241.72,16433409
10/5/2014,8677.33,8736.75,8429.42,8487.52,25095623,3259.84,3259.84,3172.07,3205.72,19199695
10/12/2014,8546.61,8546.61,8085.98,8085.98,41486183,3225.67,3232.55,3153.52,3157.12,21732526
10/19/2014,8125.37,8125.37,7914.46,8057.8,35406597,3190.91,3213.24,3161.86,3180.82,24907464
10/26/2014,8058.6,8151.24,7962.24,8045.86,31578531,3167.61,3219.75,3142.16,3182.17,17266988
11/2/2014,8068.38,8168.14,8052.41,8145.78,32403590,3185.27,3229.69,3175.57,3210.25,23275548
11/9/2014,8136.8,8258.6,8082.24,8082.24,23821342,3216.65,3238.23,3207.61,3224.44,18498838
11/16/2014,8061.38,8153.36,7942.41,8153.36,25818502,3261.85,3383.66,3261.85,3383.66,18857584
11/23/2014,8134.15,8245.31,8011.76,8060.83,25046604,3390.51,3402.22,3343.77,3391.02,20044277
11/30/2014,8145.91,8237.07,8067.82,8229.12,20157261,3384.07,3389.98,3313.81,3340.98,30688454
12/7/2014,8178.4,8387.2,8178.4,8332.21,22952211,3315.26,3496.28,3312.74,3485.93,28345987
12/14/2014,8320.83,8362.7,8052.32,8052.32,23978259,3482.33,3493.17,3343.23,3375.78,30910713
12/21/2014,8093.23,8099.85,7802.03,7918.07,35010291,3370.33,3370.65,3213.78,3347.66,36422598
12/28/2014,7951.85,7976.5,7908.42,7960.5,9902472,3369.83,3374,3352.26,3367.36,7045919
1/4/2015,7926.57,7960.97,7872.55,7931.09,11289032,3388.16,3394.36,3359.12,3359.12,9390051
1/11/2015,7913.69,8053.33,7739.27,7998.94,21975527,3353.53,3524.42,3289.3,3513.8,19580069
1/18/2015,7984.87,8095.67,7458.63,7458.63,90925489,3498.98,3514.28,3326.68,3397.12,29760322
1/25/2015,7499.17,7636.14,7409,7600.58,50740035,3354.54,3563.58,3354.54,3537.38,27553947
2/1/2015,7517.27,7774.9,7517.27,7715.41,63066842,3512.77,3603.16,3492.15,3603.16,23519639
2/8/2015,7748.82,7748.82,7595.99,7707.8,52067915,3597.6,3657.76,3508.37,3657.76,33487946
2/15/2015,7673.9,7673.9,7530.56,7610.51,34835199,3626.1,3714.62,3597.14,3714.62,21263744
2/22/2015,7653.34,7680.96,7556.77,7564.1,18415678,3708.18,3714.96,3625.82,3671.54,13240208
3/1/2015,7589.97,7618.39,7541.99,7582.98,28234262,3715.36,3772.78,3692.85,3761.11,33920319
3/8/2015,7581.92,7734.73,7497.62,7675.14,44702704,3751.24,3823.64,3692.32,3823.64,37744240
3/15/2015,7668.48,7731.07,7613.8,7696.56,34910524,3811.27,3838.74,3640.76,3640.76,24976908
3/22/2015,7697.09,7931.83,7697.09,7931.83,36972494,3644.67,3916.73,3644.67,3916.73,48750391
3/29/2015,7898.04,7930.39,7591.9,7591.9,55301099,3907.42,4026.87,3907.42,3998.64,33752031
4/5/2015,7648.37,7660.93,7622.16,7630.58,31208308,4044.04,4127.45,4044.04,4127.45,28797737
4/12/2015,7700.87,7827.29,7673.05,7809.66,43756186,4218.07,4392.53,4218.07,4359.5,32066523
4/19/2015,7774.51,8170.47,7759.02,8023.53,44508767,4364.49,4460.82,4214.41,4214.41,37154758
4/26/2015,8053.45,8193.74,8053.45,8130.31,30647098,4296.12,4592.27,4296.12,4592.27,46410672
5/3/2015,8169.11,8169.11,8051.77,8051.77,23703232,4675.64,4798.23,4675.31,4733.3,41706159
5/10/2015,8052.53,8349.9,8052.53,8349.9,39181795,4798.44,4798.44,4619.29,4746.52,37216167
5/17/2015,8295.97,8295.97,8128.59,8128.59,39299921,4835.71,4848.59,4603.43,4672.75,40989896
5/24/2015,8160.86,8179.24,8043.63,8050.95,26703014,4718.04,4947.89,4715.05,4878.12,25620384
5/31/2015,7861.39,7861.39,7633.18,7688.56,64480023,4836.79,4971.5,4779.86,4784.63,30859006
6/7/2015,7718.98,7734.53,7442.91,7442.91,28499631,4832.47,4882.07,4807.83,4821.78,27277101
6/14/2015,7477.63,7568.57,7388.34,7487.98,33663813,4836.06,4836.06,4719.5,4777.59,34472534
6/21/2015,7490.84,7490.84,7252.02,7253.22,40042911,4832.16,5003.28,4763.52,4943.01,40770913
6/28/2015,7404.46,7515.92,7390.51,7423.91,29971829,5035.67,5090.4,4987.4,5001.72,33254723
7/5/2015,7355.03,7401.98,7133.95,7133.95,35728305,4954.19,5042.54,4879.21,4942.55,28670856
7/12/2015,7076.52,7142.33,6794.29,7020.09,42029400,4899.54,5042.73,4887.82,5023.46,33686879
7/19/2015,7039.29,7138.65,6967.81,7101.25,21766769,5025.02,5072.39,5005.93,5043.18,27474971
7/26/2015,7056.88,7056.88,6577.55,6577.55,46582673,5117.85,5314.85,5003.78,5167.65,33513636
8/2/2015,6468.95,6872.99,6468.95,6820.25,89299445,5135.84,5162.77,5068.61,5134.01,31990360
8/9/2015,6815.04,6927.22,6473.79,6509.45,138171009,5163.04,5502.68,5137.12,5465.41,30942649
8/16/2015,6544.18,6764.83,6519.48,6640.32,102312348,5503.56,5605.74,5381.64,5381.64,26573226
8/23/2015,6633.34,6707.67,6546.2,6631.17,109386498,5406.54,5636.17,5406.54,5551.22,36341819
8/30/2015,6460.5,6770.18,6348.44,6770.18,110339778,5450.07,5450.07,5010.6,5045.37,49342028
9/6/2015,6761.76,6821.1,6628.23,6773.95,172076814,5007.47,5120.92,4882.4,5004.73,35097999
9/13/2015,6747.98,6907.41,6600.12,6902.03,58681710,4983.13,5052.67,4885.66,4987.05,28041727
9/20/2015,6721.37,6876.39,6721.37,6770.98,60467519,4991.85,5047.69,4953.46,4992.31,37694382
9/27/2015,6789.61,6798.96,6547.77,6601.65,42848842,4957.97,5040.58,4664.31,4702.27,26935072
10/4/2015,6561.32,6581.02,6453.51,6494.7,39971382,4693.2,4825.31,4644.14,4777.37,32212130
10/11/2015,6640.94,6918.1,6640.94,6907.64,72565334,4839.77,4884.68,4724.88,4774.71,39140578
10/18/2015,6897.04,6925.04,6835.45,6844.56,36969335,4728.93,4761.68,4566.42,4709.48,26837436
10/25/2015,6868.02,6930.63,6818.8,6818.8,49964151,4670.38,4762.78,4614.26,4704.46,23854091
11/1/2015,6788.86,6788.86,6523.52,6562.21,71432687,4762.9,4762.9,4647.09,4647.09,29000936
11/8/2015,6601.63,6635.23,6386.07,6386.07,45583264,4656.93,4737.26,4562.12,4562.12,36938594
11/15/2015,6311.92,6311.92,6132.84,6132.84,41661987,4588.08,4706.66,4512.19,4512.19,34337059
11/22/2015,6096.25,6245.45,6091.95,6206.61,46049830,4494.61,4764.1,4494.61,4726.99,29380953
11/29/2015,6094.3,6094.3,5898.31,5911.44,76026421,4697.54,4703.02,4544.43,4569.6,33857383
12/6/2015,5899.3,5957.2,5634.36,5835.19,83744192,4537.11,4575.9,4240.45,4391.93,50283066
12/13/2015,5909.57,5952.06,5637.2,5721.39,164448907,4484.79,4520.78,4244.96,4244.96,45006151
12/20/2015,5743.09,6156.63,5724.83,6139.22,64935058,4262.42,4408.76,4217.53,4346.68,40453238
12/27/2015,6142.49,6170.23,6052.26,6115.68,25956637,4402.2,4517.66,4388.06,4499.17,14486182
1/3/2016,6116.45,6188.42,6086.6,6086.6,26232433,4486.61,4596,4468.32,4468.32,13015428
1/10/2016,5969.52,5969.52,5636.38,5638.67,38114884,4347.11,4365.05,4173.63,4179.83,29995790
1/17/2016,5553.16,5791.23,5512.62,5552.63,101977924,4167.77,4345.47,4167.77,4254.74,32780290
1/24/2016,5424.65,5424.65,5174.17,5389.37,126628981,4224.74,4343.14,4136.87,4282.78,43778384
1/31/2016,5391.11,5668.39,5293.81,5668.39,91583810,4294.26,4319.54,4189.04,4233.61,38103118
2/7/2016,5637.35,5752.19,5509.45,5747.3,55114043,4159.86,4207.49,4026.19,4155.51,32711160
2/14/2016,5671.71,5784.71,5602.86,5739.11,54041214,4119.88,4150.47,3917.81,3949.67,26737963
2/21/2016,5822.77,6152.43,5790.86,6022.8,89060742,3963.72,4296.41,3948.96,4293.71,31247512
2/28/2016,6145.26,6145.26,5941.23,6003.07,44602174,4346.8,4346.8,4181.74,4255.98,26784754
3/6/2016,5961.13,6184.31,5855.42,6174.13,61584077,4222.53,4314.49,4166.71,4247.96,42589541
3/13/2016,6186.74,6385.21,6152.31,6385.21,43697774,4344.89,4344.89,4210.31,4309.44,36909247
3/20/2016,6367.51,6429.23,6310.61,6415.55,59848290,4278.86,4482.03,4257.92,4482.03,40793576
3/27/2016,6370.72,6370.72,6190.67,6274.97,42224769,4461.45,4585.89,4459.2,4585.89,27932516
4/3/2016,6323.13,6501.43,6292.99,6426.33,30001383,4618.25,4801.94,4618.25,4697.2,26221916
4/10/2016,6428.79,6491.04,6163.64,6244.79,28790257,4686.02,4757.96,4522.37,4564.48,26963392
4/17/2016,6232.06,6255.24,6123.89,6206.56,45189223,4593.71,4688.31,4534.34,4650.21,23949463
4/24/2016,6216.18,6270.12,6133.55,6160.83,71239232,4617.93,4716.96,4611.1,4631.82,33492054
5/1/2016,6111.28,6116.8,5947.36,5984.19,52779611,4607.46,4623.13,4549.45,4550.55,27083475
5/8/2016,6007.43,6032.39,5804.84,5953.68,44298558,4581.52,4604.27,4363.24,4410.05,21243398
5/15/2016,5956.14,5956.14,5730.03,5798.45,26015711,4457.8,4581.72,4396.63,4543.53,32946039
5/22/2016,5938.11,5950.04,5733.08,5746.25,29615154,4600.39,4625.03,4514.92,4610.93,39138802
5/29/2016,5795.15,5983.07,5795.15,5966.37,23024971,4599.88,4796.09,4596.21,4677.27,24577317
6/5/2016,5964.72,5980.81,5667.64,5803.78,41086172,4650.19,4707.17,4550.92,4604.93,44897035
6/12/2016,5800.77,5937.72,5711.29,5711.29,29388279,4637.56,4721.96,4572.1,4606.42,29695013
6/19/2016,5664.86,5740.6,5645.82,5736.67,40241783,4547.39,4615.21,4460.52,4510.87,55348524
6/26/2016,5790.76,6091.37,5624.15,5794.4,51637023,4583.97,4807.1,4558.55,4603.54,42860505
7/3/2016,5632.73,5746.88,5578.14,5651.99,38609699,4598.65,4698.73,4598.65,4692.51,52986401
7/10/2016,5578.25,5578.25,5400.83,5518.95,39070836,4645.88,4657.07,4430.53,4430.53,32997394
7/17/2016,5611.36,5689.09,5562.46,5641.85,46828148,4465.5,4614.45,4461.89,4540.59,37829895
7/24/2016,5721.78,5767.91,5695.13,5723.67,29717979,4613.76,4705.49,4585.76,4585.76,24934310
7/31/2016,5788.82,5788.82,5629.51,5629.51,31621404,4655.01,4667.04,4492.53,4492.53,29064334
8/7/2016,5646.02,6155.15,5641.38,6155.15,132924958,4467.7,4585.86,4440.57,4585.86,29679457
8/14/2016,6173.33,6306.27,6166.95,6303.44,44178022,4579.15,4757.14,4571.13,4704.64,22910875
8/21/2016,6284.98,6305.41,6057.64,6057.64,27867312,4666.66,4666.66,4535.4,4639.41,23220336
8/28/2016,6092.74,6102.83,6036.64,6074.35,31855286,4668.51,4668.51,4561.97,4561.97,23821101
9/4/2016,6089.53,6270.72,6083.42,6152.07,39704695,4553.38,4625.38,4536.99,4544.01,29281815
9/11/2016,6174.47,6270.74,6075.21,6075.21,36657148,4540.41,4608.61,4448.6,4448.6,23616324
9/18/2016,6003.71,6110.19,5989.94,6083.84,39330127,4390.48,4445.41,4361.49,4417.54,28497040
9/25/2016,6099.39,6249.49,6076.3,6185.09,28641349,4513.67,4643.56,4511.88,4540.3,35333909
10/2/2016,6092.74,6119.98,5992.85,5992.85,26332140,4461.69,4560.42,4445.78,4500.15,22554075
10/9/2016,6014.32,6154.19,6007.45,6099.2,18372056,4505.89,4655.31,4488.29,4617.14,22105585
10/16/2016,6121.02,6157.05,5904.94,5911.09,18484916,4632.25,4798.22,4632.25,4727.55,24325313
10/23/2016,5920.14,5968.15,5880.8,5914.75,24789602,4731.86,4820.03,4646.07,4786.83,20082998
10/30/2016,5923.73,6145.63,5923.73,6145.63,20229927,4780.99,5058.53,4780.99,5036.55,22401912
11/6/2016,6132.79,6156.92,5877.99,5899.67,17279033,5039.68,5160.18,4915.58,4915.58,23631973
11/13/2016,5975.9,6076.15,5865.24,5994.27,15363222,4983.78,5126.03,4837.63,4917.04,22247284
11/20/2016,6051.94,6051.94,5690.22,5735.54,21616595,4864.21,5004.43,4726.5,4736.46,33192511
11/27/2016,5770.88,5865.86,5714.25,5739.73,24187619,4772.73,5180.37,4753.62,5085.71,28327819
12/4/2016,5740.03,5772.74,5685.46,5726.65,27016577,5061.6,5159.39,5001.82,5109.78,35384763
12/11/2016,5759.35,6246.18,5741.1,6140.47,58938503,5128.28,5430.53,5128.28,5351.41,36027381
12/18/2016,6128.18,6282.9,6076.23,6224.79,36301233,5411.95,5657.27,5292.77,5615.8,59551737
12/25/2016,6195.49,6282.17,6131.79,6201.27,30582318,5647.45,5744.35,5599.64,5665.68,37463817
1/1/2017,6208.97,6295.24,6177.44,6263.33,15182214,5655.02,5706.7,5624.96,5668.84,12136380
1/8/2017,6253.74,6581.9,6225.8,6562.19,42934701,5646.52,5849.83,5582.2,5832.14,23965634
1/15/2017,6575.95,6685.75,6534.91,6584.87,50613487,5802.63,5880.45,5658.8,5687.24,33237049
1/22/2017,6545.37,6627.12,6460.09,6576.53,47809248,5673.38,5724.71,5428.86,5474.58,26762326
1/29/2017,6539.03,7019.77,6452.4,6902.52,48483664,5487.95,5547.59,5435.98,5545.16,31393481
2/5/2017,6897.56,6981.24,6784.67,6889.05,36625641,5533.29,5553.81,5431.97,5553.81,24392221
2/12/2017,6896.76,7350.62,6858,7305.42,80891674,5558.46,5866.59,5551.09,5750.19,33121423
2/19/2017,7321,7442.72,7265.28,7342.95,67111631,5787.09,6372.46,5746.08,6096.18,49430882
2/26/2017,7364.34,7616.04,7298.83,7359.09,38460511,6117.77,6423.34,6113.42,6304.3,31256527
3/5/2017,7374.8,7600.83,7210.48,7391.22,57714548,6322.73,6529.55,6300.4,6436.08,37823158
3/12/2017,7384.03,7428.57,7039.15,7106.1,40875874,6426.69,6625.15,6401.18,6602.5,36980804
3/19/2017,7129.47,7414.24,7117.17,7330.46,36784182,6602.01,7027.25,6587.19,7027.15,51175884
3/26/2017,7343.98,7425.59,7070.36,7198.78,28914980,6987.86,7014.61,6673.91,6872.66,24448158
4/2/2017,7105.32,7257.81,6991.74,6991.74,24611381,6777.9,6810.59,6561.69,6561.69,26359240
4/9/2017,7029.45,7258.01,7011.09,7195.4,29818864,6669.52,6938.94,6669.52,6742.42,19451715
4/16/2017,7207.28,7212.67,6936.85,6976.76,23006277,6710.07,7056.4,6703.33,7041.6,17489364
4/23/2017,7030.72,7192.55,6996.51,7048.42,23198131,7055.56,7216.57,7055.56,7188,27455917
4/30/2017,7153.44,7588.89,7093.91,7484.97,44336316,7241.31,7782.19,7241.31,7496.41,30365191
5/7/2017,7540.02,7690.02,7496.4,7561.72,19320086,7477.69,7714.92,7435.94,7537.71,25276230
5/14/2017,7599.54,7762,7473.59,7588.92,33128187,7569.19,7633.53,7326.58,7408.59,23053718
5/21/2017,7645.64,7656.16,7272.51,7374.53,33690675,7485.27,7494.31,6871.45,7135.23,29134836
5/28/2017,7409.47,7569.66,7303.19,7491.01,29524640,7179.52,7230.56,6847.68,6986.88,27962019
6/4/2017,7483.84,7510.01,7300.62,7357.17,32354854,7015.63,7109.64,6875.97,6981.25,24749628
6/11/2017,7371.13,7497.4,7239.41,7357.65,30605694,6974.71,7321.63,6816.57,7190.8,22614873
6/18/2017,7319.63,7323.9,7159.45,7207.78,23277903,7212.27,7334.74,7091.58,7315.79,19434089
6/25/2017,7261.93,7300.57,7111.52,7139.87,20769598,7337.64,7655.99,7305.9,7457.4,20719982
7/2/2017,7203.12,7400.55,7203.12,7261.87,20488073,7539.82,7587.18,7128.31,7128.31,21632664
7/9/2017,7260.4,7400.93,7246.87,7311.35,14030504,7162.81,7243.87,7061.64,7110.32,15838417
7/16/2017,7342.14,7457.4,7288.12,7441.46,24151272,7164.43,7455.06,7103.02,7448.87,17970087
7/23/2017,7473.69,7564.81,7449.42,7463.85,26017105,7447.84,7511.87,7097.23,7106.28,21198807
7/30/2017,7458.95,7563.53,7431.66,7563.53,21160551,7129.67,7223.03,7017.51,7110.22,15465861
8/6/2017,7552.37,7693.02,7401.01,7504.19,39646555,7096.24,7249.83,7096.24,7143.14,16884120
8/13/2017,7522.41,7621.94,7434.08,7450.85,25914669,7157.39,7247.64,7102.51,7102.51,14761647
8/20/2017,7480.58,7500.32,7228.19,7268,13719777,7133.37,7259.29,7044.5,7218.66,13600699
8/27/2017,7268.15,7521.98,7232.39,7490.77,22783473,7205.98,7727.77,7157.07,7642.5,19919691
9/3/2017,7523.26,7696.86,7470.6,7604.54,30371503,7644.16,7967.68,7626.81,7865.79,34555088
9/10/2017,7537.65,7668.1,7438.95,7459.72,25132419,7796.81,7919.67,7756.67,7857.14,18468827
9/17/2017,7469.18,7564.22,7386.98,7405.57,45049771,7866.76,8278.66,7866.76,8208.33,27785177
9/24/2017,7467.44,7546.66,7405.62,7508.57,32945010,8231.16,8270.68,7807.29,7926.99,13944076
10/1/2017,7500.39,7512.31,7347.7,7450.51,27616704,7897.56,8069.05,7825.31,7996.11,19293639
10/8/2017,7486.48,7493.66,7352.11,7373.23,38624378,8038.36,8536.25,8027.55,8499.77,22468649
10/15/2017,7381.76,7716.26,7375.91,7660.64,74467465,8506,8690.29,8434.28,8541.08,21172144
10/22/2017,7689.14,7726.93,7546.38,7597.28,32788877,8563.28,8573.05,7918.92,7984.84,19239398
10/29/2017,7598.57,7608.64,7360.42,7472.77,41050657,8018.72,8448.6,7995.91,8395.9,18483908
11/5/2017,7498.01,7747.62,7498.01,7641.66,36386795,8404.86,8518.7,8284.11,8331.85,15331827
11/12/2017,7661.2,8045.73,7649.97,7778.04,44369850,8383.45,8383.45,8075.72,8128.76,21363263
11/19/2017,7806.15,8018.88,7806.15,8006.72,34210937,8096.02,8173.69,7550.95,7803.62,29062428
11/26/2017,7986.29,8288.21,7985.01,8206.55,30893910,7789.78,7976.78,7726.43,7775.28,14730950
12/3/2017,8202.43,8349.45,8036.36,8095.58,39774428,7784.89,7956.96,7016.1,7016.1,28842400
12/10/2017,8108.43,8178.41,7901.4,8117.45,22483139,7053.05,7449.17,6935.16,7309.4,25530125
12/17/2017,8123.19,8345.99,8070.23,8304.26,39212347,7342.92,7342.92,6770.09,7047.91,31201692
12/24/2017,8303.18,8448.06,8298.12,8355.31,29757106,7086.23,7364.39,7075.38,7327.62,18889823
12/31/2017,8343.07,8547.02,8343.07,8481.97,16321086,7361.39,7492.03,7127.03,7140.43,8309252
1/7/2018,8478.58,8696.3,8369.63,8665.08,29859802,7170.63,7268.86,7030.56,7169.37,20060958
1/14/2018,8685.08,8760.86,8577.86,8719.6,35575941,7202.83,7349.23,7076.85,7215,30957503
1/21/2018,8700.11,9045.2,8637.11,8996.57,30002113,7206.34,7463.34,7155.27,7395.79,27496200
1/28/2018,9028.66,9205.47,8962.88,9038.54,24904340,7338.88,7683.26,7240.39,7434.8,27968291
2/4/2018,9065.08,9070.7,8782.94,8824.13,38121482,7410.39,7450.3,7074.19,7084.69,23930759
2/11/2018,8725.98,8831.34,8339.02,8379.63,43006688,7040.89,7126,6527.66,6539.91,36971981
2/18/2018,8457.57,8628.75,8304.75,8329.73,21969399,6629.67,6822.7,6594.31,6619,20682924
2/25/2018,8360.09,8551.23,8318.89,8480.11,23863126,6614.43,6680.69,6406.01,6495.43,16114369
3/4/2018,8527.71,8545.92,8092.27,8135.83,29230480,6561.3,6938.28,6508.62,6560.6,28710603
3/11/2018,8098.2,8350.66,7846.86,8094.78,30452913,6440.28,6574.9,6377.2,6574.9,23845695
3/18/2018,8147.64,8211.69,7867.53,7904.72,31160500,6626.34,6694.62,6265.62,6265.62,30949371
3/25/2018,7878.18,8202.03,7800.57,7937.29,26029390,6297.75,6374.65,6085.87,6132.37,35405533
4/1/2018,7957.85,8028.97,7745.85,7841.44,16577034,6157.8,6248.48,5895.1,5946.63,17695655
4/8/2018,7830.65,7917.98,7662.2,7723.12,14085937,5971.2,6472.06,5954.11,6456.18,24315974
4/15/2018,7759.48,8020,7727.11,7961.94,28111363,6453.46,6544.98,6259.83,6436.42,29643419
4/22/2018,7949.25,8070.41,7891.11,7911.49,24557071,6459.78,6497.1,6232.14,6246.9,23601291
4/29/2018,7882.61,7994.74,7798.13,7882.13,35983438,6263.61,6398.67,6142.91,6366.95,19602345
5/6/2018,7879.69,7938.54,7705.23,7726.94,12650663,6379.06,6461.07,6061.76,6063.23,9415545
5/13/2018,7755.27,8067.23,7644.02,8067.23,25504593,6074.51,6329.17,5973.2,6318.81,19022694
5/20/2018,8066.48,8096.35,7727.27,7728.76,23713138,6315.25,6398.85,6087.68,6104.76,17533948
5/27/2018,7738.95,7827.73,7580.54,7618.49,33497516,6126.14,6214.07,5982.56,6110.89,21712765
6/3/2018,7607.09,7697.32,7366.98,7534.92,35781826,6131.12,6178.5,5817.64,5959.64,26122854
6/10/2018,7568.27,7777.88,7509.77,7700.02,22129884,5997.14,6470.01,5990.38,6258.56,22418384
6/17/2018,7689.24,7781.91,7490.95,7490.95,30975401,6266.97,6299.54,6043.5,6059.74,28571886
6/24/2018,7483.6,7493.42,7181.72,7358.92,22280215,6055.37,6118.84,5788.2,5934.33,22553425
7/1/2018,7299,7402.67,7114.25,7219.4,21732999,5892.55,6030.76,5838.3,6011.42,22235733
7/8/2018,7148.52,7432.21,7079.09,7332.15,17819847,5959.92,6230.05,5939.05,6062.53,16032756
7/15/2018,7391.22,7447.89,7256.32,7324.61,19239206,6121.28,6140.28,5913.01,5964.54,16835714
7/22/2018,7308.79,7334.81,7102.94,7320.66,23116890,5948.83,6321.33,5869.45,6216.34,21338313
7/29/2018,7341.47,7820.62,7341.47,7730,20767191,6248.32,6706.05,6216.57,6579.59,24351715
8/5/2018,7700.44,7968.05,7697.66,7844.54,21583386,6582.29,6712.5,6549.12,6694.61,21029665
8/12/2018,7855.56,8039.57,7694.96,7694.96,30623407,6669.59,6722.62,6561.79,6574.94,21444839
8/19/2018,7673.42,7766.3,7526.33,7526.33,16452065,6571.85,6879.85,6474.4,6715,20561319
8/26/2018,7561.71,8031.91,7561.71,7937.6,61020818,6735.32,6992.17,6717.98,6914.07,16117909
9/2/2018,7964.72,8197.65,7931.14,7934.25,72940733,6916.22,7169.1,6913.63,6991.8,28838359
9/9/2018,7928.07,8067.92,7603.35,7626.39,122955417,7002.13,7269.47,6935.92,7231.47,19653453
9/16/2018,7632.08,7793.43,7400.05,7618.66,118305997,7263.88,7455.21,7157.09,7189.14,27955364
9/23/2018,7596.58,7854.42,7468.26,7711.42,138791528,7191.76,7295.83,7002.31,7075.29,59941359
9/30/2018,7724.87,7929.79,7681.26,7876.32,89939421,7083.68,7502.33,7083.68,7362.82,30432873
10/7/2018,7889.86,7954.33,7664.12,7664.12,24831643,7404.95,7510.53,7184.16,7221.65,25884802
10/14/2018,7649.18,7678.07,7338.91,7371.95,25717900,7207.66,7277.63,6876.57,7107.83,30961726
10/21/2018,7363.79,7535.45,7290.19,7476.41,47289637,7101.89,7248.36,6929.79,7003.18,21955474
10/28/2018,7503.45,7524.04,7165.4,7165.4,24067003,7019.41,7043.11,6412.45,6413.24,24951224
11/4/2018,7195.83,7468.02,7176.48,7440.51,20975149,6438.84,6964.3,6437.62,6943.11,21785303
11/11/2018,7452.12,7840.11,7440.93,7692.19,34306861,6915.99,7253.62,6909.69,7110.61,19818637
11/18/2018,7664.37,7714.81,7040.86,7161.54,105885296,7120.95,7270.86,7064.15,7204.41,17796045
11/25/2018,7188.52,7429.04,7090.28,7397.3,250323720,7232.89,7586.21,7190.91,7412.48,24558401
12/2/2018,7432.99,7679.93,7334.63,7579.43,118626283,7465.23,7974.04,7315.55,7892.22,29048421
12/9/2018,7680.82,7807.38,7466.25,7475.45,55344375,8031.81,8036.19,7809.16,7887.31,44346921
12/16/2018,7443.36,7599.11,7244.17,7588.53,93841951,7837.91,8219.86,7669.38,8122.88,28363871
12/23/2018,7559.9,7776.13,7408.84,7480.56,124219581,8078.12,8117.73,7599.33,7784.27,54731111
12/30/2018,7544.61,7565.63,7417.79,7453.65,17789983,7859.07,7999.15,7810.98,7998.16,8808679
1/6/2019,7415.39,7621.56,7385.8,7573.98,11652457,7944.84,7956.51,7716.02,7798.26,14112837
1/13/2019,7632.83,7725.76,7581.39,7631.68,30089982,7855.56,8399.89,7853.4,8264.25,40326910
1/20/2019,7588.77,7793.89,7580.28,7784.46,32420035,8196.9,8449.54,8171.42,8423.04,24531379
1/27/2019,7783.19,7912.37,7678.76,7735.78,27250418,8422.46,8539.44,8203.45,8256.85,26151935
2/3/2019,7739.33,7749.16,7523.94,7691.45,33891316,8265.31,8265.31,7985.79,8129.53,25528166
2/10/2019,7680.83,7833.23,7612.92,7649.42,25114976,8145.99,8213.75,7958.36,7959.34,23428530
2/17/2019,7649.77,7763.28,7535.14,7658.94,29000227,7978.79,8125.53,7801.45,7886.35,37319913
2/24/2019,7671.25,7776.84,7595.55,7689.54,25241237,7876.93,8127.21,7765.81,8048.95,28616425
3/3/2019,7721.81,7771.02,7558.37,7610.44,25030992,8089.78,8128.45,7756.79,7756.79,21619422
3/10/2019,7677.77,7696.31,7491.47,7520.61,17435268,7807.27,7848.83,7637.46,7757.45,23204872
3/17/2019,7529.8,7801.22,7509.15,7751.03,21766875,7782.93,7821.09,7645.79,7709.22,44849334
3/24/2019,7732.88,7834.9,7670.09,7670.09,41844553,7762.99,7768.93,7461.87,7468.13,28922876
3/31/2019,7642.49,7722.79,7565.84,7586.29,21064356,7439.96,7471.16,7304.77,7312.79,22755481
4/7/2019,7631.85,7911.72,7614.62,7757.35,21022969,7359.81,7709.45,7356.48,7356.48,28332428
4/14/2019,7752.58,7851.35,7725.47,7768.26,19059680,7373.85,7574.44,7343.85,7470.38,19170244
4/21/2019,7752.38,7893.72,7739.59,7847.31,17066632,7460.94,7599.7,7376.45,7426.66,22211193
4/28/2019,7838.09,7892.96,7773.01,7892.96,18459400,7446.77,7496.73,7292.78,7339.86,22640331
5/5/2019,7914.63,7947.46,7711.85,7763.08,20082727,7351.93,7352.35,7182.44,7186.93,20664868
5/12/2019,7626.76,7725.39,7296.83,7352.43,37121452,7120.25,7145.54,6511.97,6571.81,34463870
5/19/2019,7353.87,7379,7141.12,7236.08,25885479,6568.69,6930.75,6449.32,6900.3,31815100
5/26/2019,7246.32,7375.26,7168.43,7291.07,29046555,6936.81,6991.94,6676.75,6777.96,28684652
6/2/2019,7293.88,7500.44,7237.14,7500.44,45601901,6806.92,7167.07,6763.1,7167.07,30968649
6/9/2019,7477.16,7852,7468.58,7828.63,31069968,7126.24,7181.67,6724.43,6799.85,27478635
6/16/2019,7833.54,7965.82,7734.9,7864.64,27443701,6848.39,6903.75,6599.54,6702.31,26943989
6/23/2019,7872.53,8019.6,7794.88,7917.36,30973517,6717.62,6808.56,6655.78,6697.32,40488778
6/30/2019,7939.52,7991.84,7828.22,7908.32,26920012,6757.3,6835.48,6653.58,6745.59,32012735
7/7/2019,7994.92,8031.32,7770.53,7783.23,29714237,6855.58,7192.03,6638.84,7120.81,31436151
7/14/2019,7781.58,7837.5,7689.93,7689.93,37028222,7051.36,7213.85,6883.72,7204.53,42860268
7/21/2019,7716.98,7804.56,7630.55,7766.67,37982978,7203.98,7481.61,7026.12,7379.06,42262918
7/28/2019,7746.66,7783.86,7545.36,7574.82,25790242,7382.05,7533.14,7342.97,7399.71,26688980
8/4/2019,7589.49,7589.49,7179.33,7230.76,28376826,7400.78,7554.39,7262.81,7313.62,43453282
8/11/2019,7205.56,7230.98,7045.93,7078.48,34868526,7264.3,7274.83,6758.89,6786.02,51152955
8/18/2019,7117.17,7203.19,6951.43,6977.31,19938000,6808.8,7032.59,6547.22,6573,31518232
8/25/2019,7037.49,7214.38,7020.96,7108.21,34371236,6662.56,6756.65,6585.91,6685.86,29364325
9/1/2019,7063.24,7133.53,6686.77,7028.06,42498622,6624.29,6838.91,6527.26,6816.54,38261632
9/8/2019,7044.93,7086.92,6913.63,7068.79,30912794,6852.44,6918.42,6586.4,6654.02,27275703
9/15/2019,7073.07,7393.81,7073.07,7377.21,56538436,6674.26,7124.92,6658.94,7031.9,38578188
9/22/2019,7346.7,7447.06,7117.7,7157.97,132794901,7011.4,7223.08,6961.85,7201.62,53116493
9/29/2019,7142.33,7268.73,7023.01,7260.35,67387364,7202.9,7393.87,7129.14,7244.5,22297651
10/6/2019,7244.18,7244.18,6649.41,6876.57,52988710,7258.01,7406.43,7103.54,7387.59,24310724
10/13/2019,6893.5,7028.21,6780.15,7028.21,31488943,7390.38,7498.08,7296.58,7441.66,23489046
10/20/2019,7022.84,7169.4,6908.69,7080.71,36722668,7450.64,7539.48,7362.88,7521.98,17298985
10/27/2019,7073.39,7331.35,7073.39,7127.99,37982053,7484.79,7758.46,7467.09,7469.39,20464889
11/3/2019,7088.36,7259.81,7077.16,7083.87,24898693,7519.37,7759.49,7519.37,7621.61,28479950
11/10/2019,7131.6,7314.98,7081.43,7090.29,31483680,7704.96,7991.13,7674.49,7748.97,30885639
11/17/2019,7104.08,7165,6996.41,7021.27,24324654,7772.19,7780.32,7484.83,7523.4,22063890
11/24/2019,7058.73,7058.73,6915.4,7023.21,27653148,7534.12,7558.66,6977.23,7025.83,27634527
12/1/2019,7030.65,7054.77,6761.8,6769.46,41814690,7053.95,7107.12,6951.98,7010.64,34944676
12/8/2019,6786.24,6804.72,6478.8,6497.64,27501128,7060.43,7060.43,6056.72,6323.61,51581283
12/15/2019,6488.14,6702.82,6343.17,6644.96,24992699,6322.32,6502.21,6144.28,6465.58,37384921
12/22/2019,6627.44,6770.23,6623.56,6721.94,31989540,6463.89,6463.89,6302.29,6359.4,57857795
12/29/2019,6714.29,6801.94,6710.33,6783.78,7399209,6395.54,6564.84,6372.15,6484.27,8546678
1/5/2020,6772.29,6926.02,6747.72,6846.29,12516338,6502.08,6655.01,6456.88,6557.53,15941341
1/12/2020,6833.81,6879.14,6681.52,6853.76,19441820,6565.07,6570.06,6250.91,6482.99,21350635
1/19/2020,6843.43,6948.1,6789.45,6879.43,31293046,6511.21,6539.62,6435.87,6511.67,37523949
1/26/2020,6871.44,6879.29,6689.73,6821.38,15550240,6497.54,6523.6,6356.87,6424.99,36146806
2/2/2020,6744.85,6764.02,6593.62,6643.07,25284427,6368.82,6388.8,5649.52,5710.73,45535810
2/9/2020,6612.81,6944.92,6571.32,6944.92,28192934,5704.41,5844.08,5474.71,5659.04,33444979
2/16/2020,6928.93,7033.53,6834.12,6844.11,19471796,5613.03,5760.87,5469.45,5721.03,25893912
2/23/2020,6880.11,6880.11,6724.6,6732.88,14827732,5798.31,5798.31,5533.46,5590.64,24170455
3/1/2020,6660.02,6660.02,5880.14,5891.59,42347817,5500.5,5502.42,4250.66,4544.12,53487023
3/8/2020,6020.49,6348.2,5847.64,5875.61,35895851,4714.78,4803.05,4149.86,4183.94,46370630
3/15/2020,5670.54,5670.54,4213.59,4406.52,52057502,3899.32,4199.62,3234.82,3489.51,70771509
3/22/2020,4306.96,4648.53,3868.77,4388.69,66161278,3479.48,4104.41,3292.96,4048.14,98319126
3/29/2020,4255.97,4324.7,4036.22,4179.67,37305677,4009.55,4145.06,3791.02,4084.82,57042010
4/5/2020,4200.46,4258.58,3863.11,3931.74,38929226,4105.46,4844.67,3980.25,4691.5,93119995
4/12/2020,4009.49,4460.95,4001.67,4121.47,58865171,4819.56,5184.74,4754.09,4989,62280757
4/19/2020,4195.95,4288.69,4012.33,4013,45740864,5066.07,5074.77,4763.93,4877.7,39288097
4/26/2020,4039.6,4043.59,3747.53,3747.53,48730880,4916.2,4930.25,4557.41,4792.48,32560016
5/3/2020,3798.96,4065.4,3600.95,3951.94,61631115,4852.83,4989.21,4663.42,4890.53,30440290
5/10/2020,3904.94,3904.94,3667.08,3730.86,44239400,4827.2,4922.16,4600.52,4894.51,29391076
5/17/2020,3769.19,3879.2,3622.55,3694.8,51523557,4912.79,5024.6,4714.16,4747.26,25158420
5/24/2020,3750.64,3880.2,3701.14,3749.17,43626492,4819.81,5014.26,4804.63,4862.12,31809292
5/31/2020,3791.6,4383.12,3752.13,3974.09,169759828,4918.63,5333.75,4889.88,5190.57,80044006
6/7/2020,4045.35,4409.85,3973.49,4386.84,96884726,5258.26,5633.6,5193.93,5590.63,46696926
6/14/2020,4396.5,4649.69,4137.03,4213.19,81559162,5619.83,5645.58,5130.33,5225.78,30879267
6/21/2020,4165.23,4345.03,4060.92,4270.87,61793885,5152.79,5377.59,5032.48,5261.01,70046942
6/28/2020,4258.79,4384.48,4123.27,4123.27,44208218,5262.66,5331.29,5038,5045.64,33779449
7/5/2020,4120.69,4284.17,4061.29,4242.31,84083957,5058.4,5237.92,5032.96,5161.56,39003965
7/12/2020,4296.29,4350.91,4148.17,4239.22,39839299,5263.84,5263.84,5014.83,5109.89,31493288
7/19/2020,4277.64,4298.95,4173.03,4194.61,34952214,5170.99,5376.5,5041.18,5159.01,54375772
7/26/2020,4179.82,4400.47,4116.75,4132.28,45176929,5155.86,5252.07,4961.65,5025.58,31785238
8/2/2020,4132.87,4155.39,3841.9,3843.88,42994715,5022.56,5097.74,4664.49,4697.1,40638099
8/9/2020,3857.28,4051.75,3818.29,3878.63,33868586,4708.24,4877.61,4635.1,4755.52,31497102
8/16/2020,3896.55,4194.91,3881.04,4131.33,27769516,4786.05,4981.47,4690.84,4859.47,25497721
8/23/2020,4124.23,4138.54,3927.42,3942.7,21033937,4858.46,4893.66,4611.23,4642.25,23177545
8/30/2020,3969.95,4049.18,3934.21,3936.33,18907578,4674.14,4794.21,4589.14,4596.38,24116439
9/6/2020,3951.82,3960.24,3750.44,3765.98,27669100,4614.5,4650.98,4373.7,4460.39,36642170
9/13/2020,3802.48,3867.77,3666.94,3863.3,27816121,4487.14,4498.88,4270.84,4421.88,22335408
9/20/2020,3895.71,3919.05,3779.19,3787.47,35388092,4463.58,4463.58,4178.13,4181.81,53556594
9/27/2020,3752.45,3763.06,3523.42,3530.59,42473496,4170.39,4204.96,3983.51,4000.63,35409162
10/4/2020,3559.97,3734.79,3558.89,3708.88,27662454,4039.74,4178.95,3957.36,4001.71,21816589
10/11/2020,3735.73,3980.82,3735.73,3851.6,32792562,4061.53,4260.47,4061.53,4156.67,23255314
10/18/2020,3858.95,3869.05,3486.15,3584.58,31789795,4161,4174.27,3688.65,3810.93,35907342
10/25/2020,3596.19,3646.41,3428.05,3543.17,35228569,3870.11,3940.95,3747.85,3751.28,26743224
11/1/2020,3510.93,3593.16,3084.42,3155.99,43915124,3712.87,3749.33,3360.84,3423.51,36876679
11/8/2020,3181.87,3562.92,3163.14,3524.97,42621616,3442.4,3745.54,3416.54,3565.33,36300212
11/15/2020,3544.54,4238.5,3483.46,4211.55,69301079,3610.95,4261.23,3543.14,4008.65,41145808
11/22/2020,4232.88,4487.21,4232.88,4428.41,48141826,4083.08,4471.48,4082.67,4259.66,45169227
11/29/2020,4455.75,4649.95,4455.75,4599.87,50943811,4365.15,4610.37,4316.94,4502.4,37475785
12/6/2020,4536.72,4662.88,4381.5,4659.39,43126801,4435.39,4728.27,4305.63,4722.61,63713053
12/13/2020,4656.08,4945.73,4575.62,4737.41,63486543,4727.25,5194.46,4702.41,5194.46,56110945
12/20/2020,4772.96,4865.08,4582.39,4637.24,44897036,5214.08,5279.16,4869.08,4959.11,50878968
12/27/2020,4600.25,4737.91,4419.4,4721.85,23397366,4877.2,4900.82,4594.93,4877.07,22201500
1/3/2021,4775.4,4954.58,4765.33,4765.33,29243633,4962.25,5135.8,4943.85,4954.47,20825721
1/10/2021,4748.76,5419.84,4737.06,5363.36,61184340,5021.92,5449.13,4972.69,5369.75,43609867
1/17/2021,5363.26,5554.98,5069.3,5097.45,47046208,5369.45,5442.83,5121.99,5170.78,49085252
1/24/2021,5090.59,5289.23,4938.51,5015.29,42942660,5137.42,5372.77,5041.74,5132.2,64072882
1/31/2021,5041.58,5045.88,4714.93,4860.87,41371765,5146.25,5159.28,4854.28,4874.09,101007242
2/7/2021,4852.29,5011.32,4817.22,4915.51,35225951,4905.58,5179.52,4898.57,5064.24,167577268
2/14/2021,4928.92,4980.47,4778.44,4848.86,26735314,5117.91,5228.36,5049.64,5135.11,121222779
2/21/2021,4885.19,5410.36,4868.93,5281.64,75949112,5192.84,5345.57,5134.65,5199.56,50343851
2/28/2021,5232.24,5322.9,5010.73,5225.83,44391255,5165,5266.57,4991.95,5047.33,89695655
3/7/2021,5273.71,5543.67,5273.71,5394.36,44240402,5118.84,5467.97,5074.49,5422.56,61578967
3/14/2021,5410.28,5610.29,5392.11,5517.99,37308824,5487.21,5845.35,5474.89,5697.74,49224601
3/21/2021,5525.17,5577.11,5242.34,5283.27,43818386,5709.04,5787.29,5250.83,5296.51,48397251
3/28/2021,5273.26,5500.14,5273.26,5414.02,30266193,5266.73,5377.62,5175.68,5323.7,66087884
4/4/2021,5415.67,5503.99,5388.33,5423.64,14655449,5320.17,5526.72,5320.17,5503.73,35813507
4/11/2021,5407.86,5547.03,5407.86,5447.93,19426987,5504.49,5785.49,5504.49,5593.22,44137565
4/18/2021,5445.81,5573.06,5402.36,5565.21,20780546,5588.07,5911.02,5552.18,5883.37,49238697
4/25/2021,5560.92,5623.85,5462.66,5506.22,23318061,5874.8,5939.77,5745.99,5793.63,53473930
5/2/2021,5508.21,6007.08,5483.84,5869.76,40712860,5813.04,5938.39,5740.43,5757.8,42717882
5/9/2021,5890.38,6028.61,5750.16,6012.18,27547130,5781.3,6068.77,5748.38,6002.44,32650356
5/16/2021,6044.53,6260.47,5812.56,5987.08,59568454,6049.45,6197.4,5941.27,6192.29,48743538
5/23/2021,6042.94,6456.22,6023.71,6437.02,44218462,6229.64,6324.18,6117.47,6234.02,40215409
5/30/2021,6435.89,6814.39,6344.98,6814.21,60731654,6245.28,6455.46,6144.45,6454.95,40858713
6/6/2021,6816.25,6963.25,6760.38,6895.4,47886457,6477.9,6684.08,6446.4,6550.02,23469657
6/13/2021,6885.7,6968.21,6705.1,6771.16,43633044,6562.7,6677.85,6387.24,6519.19,29614216
6/20/2021,6822.68,6951.5,6799.71,6844.62,36164395,6541.5,6664.55,6396.64,6434.97,38647662
6/27/2021,6794.78,7165.58,6759.37,7069.41,23477088,6408,6575.42,6310.73,6541.97,26042879
7/4/2021,7056.91,7088.37,6540.54,6607.77,42581787,6536.87,6556.52,6332.15,6389.4,25250163
7/11/2021,6611.7,6670,6371.19,6499.39,16561800,6407.07,6434.93,6064.37,6203,24096751
7/18/2021,6489.3,6496.29,6318.5,6424.37,17048417,6211.81,6263.41,6155.18,6168.07,49448975
7/25/2021,6397.04,6575.94,6208.96,6439.56,20769693,6122.56,6142.8,5928.7,6058.04,29055025
8/1/2021,6427.14,6666.32,6356.14,6630.84,20359786,6031.74,6377.07,5992.84,6301.08,20098502
8/8/2021,6669.41,6910.94,6603.51,6897.66,23989138,6350.6,6403.7,6243.97,6373.8,21213565
8/15/2021,6891.37,7173.82,6891.37,7155.81,27563596,6363.31,6510.43,6314.05,6481.78,23351829
8/22/2021,7087.33,7173.72,6957.78,6988.05,76581945,6445.8,6509.53,6173.76,6286.24,19260747
8/29/2021,7029.77,7326.48,7002.93,7326.48,148407812,6323.68,6477.84,6307.44,6419.8,17783376
9/5/2021,7346.33,7695.22,7342.95,7688.19,213367599,6427.74,6504.2,6325.23,6421.36,24320200
9/12/2021,7688.56,7892.85,7613.64,7694.62,261124467,6420.29,6501.92,6383.41,6443.2,20062704
9/19/2021,7708.18,7880.39,7638.66,7643.05,117463083,6468.1,6811.47,6449.16,6535.51,43483993
9/26/2021,7550.88,7760.04,7334.85,7670.31,53550259,6453.69,6673.25,6231.43,6652.26,27132753
10/3/2021,7711.61,7959.12,7564.69,7958.1,75214092,6684.74,6902.42,6614.39,6838.33,37003329
10/10/2021,7920.61,8691.09,7893.5,8677.74,178213893,6835.7,7070.74,6796.13,7063.68,72293214
10/17/2021,8668.2,8950.26,8647.19,8794.8,86675172,7030.66,7477.11,7020.81,7464.61,45208824
10/24/2021,8809.1,8975.37,8761.47,8883.28,104643386,7453.01,7472.53,7129.3,7155.79,28742858
10/31/2021,8891.99,9522.22,8827.88,9401.15,58306970,7184.79,7384.95,7000.9,7028.98,29508479
11/7/2021,9453.8,9655.16,9135.62,9524.06,88393293,7061.01,7348.92,7061.01,7292.66,21513258
11/14/2021,9547.31,9547.31,9072.23,9102.97,53950411,7335.56,7395.68,7103.24,7125.8,21619724
11/21/2021,9125.48,9239.79,8445.36,8555.26,44905525,7131.57,7186.84,6395.63,6522.44,32956419
11/28/2021,8586.08,8751.66,8178.09,8217.98,53046843,6551.79,6829,6196.95,6213.57,28544172
12/5/2021,8274.84,8770.21,8069.58,8547.46,50705340,6270.36,6379.69,5827.17,6257.83,55282157
12/12/2021,8638.58,8753.58,8297.2,8390.47,40164724,6287.18,6514.95,6211.84,6289.51,30554880
12/19/2021,8414.43,8505.8,7975.35,8080.87,36961560,6325.56,6391.91,6158.61,6277.96,43376011
12/26/2021,7890.48,8398.1,7855.44,8398.1,24440303,6128.92,6316,6032.65,6270.37,17086012
1/2/2022,8415.37,8654.7,8359.48,8640.27,46850650,6263.87,6494.21,6175.11,6494.21,20606877
1/9/2022,8691.15,8973.43,8691.15,8973.43,42650070,6502.64,6866.65,6466.62,6836.56,21095040
1/16/2022,8962.98,9584.01,8962.98,9380.68,51153019,6852.42,7038.26,6565.49,6848.77,35982590
1/23/2022,9376.43,9439.47,9021.47,9067.86,31252005,6817.14,6840.28,6362.99,6435.66,38769994
1/30/2022,9020.76,9272.65,8599.41,9031.25,40395218,6432.08,6435.06,5936.48,6009.55,34063092
2/6/2022,9168.56,9439.94,9013.79,9244.19,33491271,6107.36,6109.43,5854.12,5854.12,21948105
2/13/2022,9333.36,9455.83,9038.32,9163.48,34683246,5917.4,6172.43,5759.12,6068.39,20262514
2/20/2022,8880.78,9318.55,8772.49,8829.73,33858429,5947.29,6247.66,5764.51,5972.43,26047707
2/27/2022,8881.7,8898.04,6992.26,7944.91,79937092,6025.54,6124.1,5290.7,5895.06,43484077
3/6/2022,7597.34,7967.17,6514.41,6668.13,91363109,5738.15,7026.23,5693.83,6551.81,104102679
3/13/2022,6279.42,7352.67,6063.47,7163.19,115100254,6615.48,6967.69,6439.35,6781.63,63933640
3/20/2022,7231.37,7785.52,7031.91,7564.76,61928359,6670.31,6787.31,6418.35,6558.09,53452103
3/27/2022,7623.28,7674.21,7237.89,7356.48,40090632,6585.98,6908.03,6585.98,6770.21,37766650
4/3/2022,7392.75,7897.22,7276.94,7888.39,67692159,6676.81,6818.36,6496.18,6574.32,37462683
4/10/2022,7962.5,8001.66,7515.11,7560.48,82155680,6632.63,6773.29,6499.36,6690.07,27638681
4/17/2022,7532.16,7673.19,7316.07,7316.32,29270122,6713.62,7243.9,6683.33,7142.12,22047742
4/24/2022,7339.6,7548.29,7151.09,7242.04,28380322,7170.84,7289.2,6774.11,6774.11,25797570
5/1/2022,7127.14,7199.65,6442.92,6466.84,98523837,6670.18,6820.62,6555.79,6684.3,34048272
5/8/2022,6453.45,6456.82,5852.57,6026.82,76608269,6664.64,6690.08,6334.57,6690.08,18278922
5/15/2022,5965.95,6007.62,5488.82,5957.74,62237271,6587.67,6732.68,6149.1,6467,32445215
5/22/2022,5954.09,6310.95,5899.4,5987.93,52928681,6415.32,6570.49,6314.66,6314.66,40004002
5/29/2022,6098.01,6318.6,6061.86,6100.47,31011963.3,6421.05,6535.39,6312.81,6381.88,28997941
6/5/2022,6181.29,6313.1,6072.94,6095.7,30706022,6463.92,6727.94,6313.74,6569.06,41071399
6/12/2022,6121.36,6277.48,5596.79,5636.96,26184454,6599.24,6686.72,6369.44,6396.99,16791121
6/19/2022,5496.38,5619.35,5357.04,5502.86,30967520,6295.33,6472.81,6200.22,6200.22,29961111
6/26/2022,5561.94,5712.51,5491.36,5648.84,22171923,6277.68,6336.22,5889.73,5890.81,16884497
7/3/2022,5681.96,5746.24,5418.23,5426.5,40144500,5951.47,6355.88,5951.47,6154.88,20749003
7/10/2022,5447.31,5447.31,5079.03,5433.35,46491434,6209.78,6542.17,6077.45,6536.47,15394596
7/17/2022,5349.91,5417.2,4920.99,4974.67,44973514,6344.25,6358.97,5945.03,6088.02,30750799
7/24/2022,5065.28,5262.32,5051.75,5158.29,37642533,6190.61,6803.07,6184.81,6777.85,23803439.43
7/31/2022,5149.76,5268.6,4971.5,5250.34,45763353,6734.4,7219.91,6666.19,7213.67,62279950
8/7/2022,5264.28,5347.86,5072.98,5101.69,40429988,7209.22,7310.13,6601.57,6732.85,38020587
8/14/2022,5155.49,5498.17,5101.16,5447.25,44227630,6754.94,6966.26,6702.41,6919.91,23912391
8/21/2022,5480.89,5560,5236.08,5293.52,30565509,6888.79,6890.35,6419.57,6571.05,18895026
8/28/2022,5248.99,5324.87,4968.96,4997.06,32039641,6530.57,6693.96,5982.22,6016.63,60259468
9/4/2022,4912.26,4980.08,4662.38,4853.39,44603395,5863.6,6226.96,5500.29,5740.12,59345301
9/11/2022,4744.98,5142.93,4672.04,5134.61,44144016,5680.79,5846.29,5334.61,5543.17,27068660
9/18/2022,5189.89,5366.67,4984.6,5025.52,42629283,5587.13,5715.06,5379.27,5436.26,30113145
9/25/2022,5020.82,5264.12,4816.03,4826.88,28095750,5428.6,5690.05,5289.26,5306.99,25362949
10/2/2022,4759.54,4873.91,4507.37,4570.65,42987048,5068.34,5333.54,4865.64,5145.24,31823599
10/9/2022,4531.45,4793.19,4418.18,4631.55,27231625,5147.66,5407.88,4974.4,5183.91,23795043
10/16/2022,4578.24,4810.06,4477.73,4761.04,31019521,5150.27,5254.54,4936.66,5138.45,25726481
10/23/2022,4749.22,5206.2,4724.8,5138.01,28536416,5119.09,5282.05,4826.56,4865.37,30005599
10/30/2022,5234.79,5532.68,5126.47,5508.79,27352627,4885,5424.03,4764.39,5367.54,65312367
11/6/2022,5531.98,5713.9,5505.18,5591.76,27876175,5337,5898.15,5288.87,5898.15,17480051
11/13/2022,5609.26,6037.14,5609.26,6020.07,27041586,5924.16,5951.21,5572.16,5860.95,10302626
11/20/2022,6071.06,6372.58,5968.69,6077.7,41075529,5935.45,6111.46,5824.73,5880.89,14221311
11/27/2022,6067.14,6213.48,5956.77,6193.77,18392648,5881.07,6125.73,5750.56,6023.37,8721643
12/4/2022,6151.18,6277.68,6061.53,6179.82,31835602,5933.64,6387.06,5855.01,6051.83,18861278
12/11/2022,6203.47,6297.19,5933.9,5993.54,30107675,6087.79,6213.23,5755.98,5828.02,6921728
12/18/2022,5968.13,6239.11,5927.82,6026.01,37613400,5784.56,6075.9,5775.54,5857.18,11564143
,,,,,,,,,,
,,,,,,,,,,
,,,,,,,,,,
,,,,,,,,,,
,,,,,,,,,,
,,,,,,,,,,
,,,,,,,,,,
,,,,,,,,,,
,,,,,,,,,,
,,,,,,,,,,
,,,,,,,,,,
,,,,,,,,,,
,,,,,,,,,,
,,,,,,,,,,
,,,,,,,,,,
